项目名称,项目类别,申报地区或单位,详情链接,官网描述,传承人信息,相关文章
中医生命与疾病认知方法,传统医药,中国中医科学院,https://www.ihchina.cn/project_details/14767.html,"中医对生命与疾病的认知是基于中华民族传统文化产生的认识人体生命现象和疾病规律的一种医学知识。中医生命与疾病的知识起源于传说中的远古黄帝、岐伯时代，以《黄帝内经》为标志的中医生命与疾病知识体系的形成至今已有两千多年的历史。中医生命与疾病知识主要包括阴阳、五行、脏象、经络、疾病与证候、病因病机、辨证、治则治法、五运六气等内容。
中医学运用阴阳对立统一的观念来阐述人体生命活动，以及人与自然、社会等外界环境之间相互依存的关系。阴阳平衡是维持和保证人体生命活动的基础，阴阳失调则导致疾病的发生变化。中医学运用五行学说阐述人体与自然界、人体各部分之间的联系以及疾病发生发展的机理，并用以指导疾病的治疗。脏象是人体重要的生命现象，主要包括五脏、六腑、奇恒之腑以及精、气、血、津液的生理功能和病理变化。经络是人体气血运行的通道，有联络全身的作用。经络系统包括十二经脉、奇经八脉以及络脉等，是中医诊断和治疗疾病的基础，也是针灸、推拿等疗法的重要理论依据。病因是研究疾病发生原因和条件的学说，包括外感六淫、内伤七情和饮食劳倦等。病机学说是研究疾病发生发展规律的学说。辨证论治是运用望、闻、问、切等方法诊察疾病，将诊察结果加以分析、综合得出结论，确立治疗的原则。治则治法是治疗疾病必须遵守的基本原则与方法，是中医在长期临床实践中总结出的治疗规律，主要有调整阴阳、扶正祛邪、标本缓急，以及因人、因时、因地制宜等。五运六气是研究、探索自然界天文、气象、物候变化对人体健康和疾病影响的系统知识。
对疾病、证候的认识，中医学有着独特的理论与方法。中医学认为，疾病的发生是正邪消长的表现。《黄帝内经》提出“正气存内，邪不可干”，“邪之所凑，其气必虚”的疾病观。《伤寒杂病论》等早期文献中记载了大量对疾病的认识，隋代的《诸病源候论》中记载了67门1720种病证。
中医生命与疾病的认知是构成中医学知识的核心，对中医养生、诊法、疗法、方剂、中药、针灸及临床实践的各个环节发挥指导作用。但是，受西方医学的影响，能够理解和传承这一知识的人日渐减少，面临保存与发展的困境，亟待得到尊重保护和发展。","[{'name': '唐旭东', 'gender': '男', 'birth_date': '', 'ethnicity': '汉族'}, {'name': '陈可冀', 'gender': '男', 'birth_date': '1930.10', 'ethnicity': '汉族'}, {'name': '吴咸中', 'gender': '男', 'birth_date': '1925.08', 'ethnicity': '满族'}, {'name': '曹洪欣', 'gender': '男', 'birth_date': '1958.02', 'ethnicity': '汉族'}, {'name': '颜德馨', 'gender': '男', 'birth_date': '1920.11', 'ethnicity': '汉族'}, {'name': '王绵之', 'gender': '男', 'birth_date': '1923.11', 'ethnicity': '汉族'}, {'name': '路志正', 'gender': '男', 'birth_date': '1921.12', 'ethnicity': '汉族'}]",[]
中医诊法,传统医药,中国中医科学院,https://www.ihchina.cn/project_details/14768.html,"中医诊法是中医学的组成部分。中医诊法是以中医理论为指导，主要运用“四诊”的方法诊察疾病，探求病因、病位、病性及病势，辨别证候，对疾病作出诊断，为治疗提供依据。中医学在长期医疗实践中形成了一套完备的诊断疾病的理论、方法、技术以及实物，体现了鲜明的中国传统文化和地域特征。
中医诊法有着悠久的历史。战国时期名医秦越人（扁鹊）擅长“切脉、望色、听声、写形，言病之所在”。《黄帝内经》根据阴阳五行、脏象经络理论，对诸多诊法作了具体描述，并阐述其综合运用的原则，在方法上奠定了“四诊”基础。西晋王叔和撰集《脉经》，承前启后，确立中医脉诊的方法，历代医家在临床实践中不断继承完善着中医的诊法，形成了大量有关诊法的典籍，如宋代的《三因极一病证方论》、明代《敖氏伤寒金镜录》、清代的《望诊遵经》等，累积存世的诊法著作有近百种。
望诊是医生运用视觉，观察病人身体有关部位及其分泌和排泄物等以了解病情的诊断方法。包括望舌、望神、望色、望五官、望形态、望络脉等。其中望舌即舌诊，指观察病人舌质和舌苔变化，以判定病情、推测预后，是望诊的重要内容。
闻诊是医生通过听病人声音、嗅其气味以了解病情的诊断方法。听声音指通过声音了解病人语言、呼吸、咳嗽、呕吐、呃逆等声音变化；嗅气味则是凭嗅觉嗅病人口气、体气和排泄物等异常气味。
问诊是医生对病人或陪诊人进行系统而有针对性询问，是全面了解病情的一种诊断方法。
切诊是医生运用手的触觉，对病人寸口脉及体表特定的部位进行触摸、按压、体验，从而了解病情的一种诊断方法。主要包括切寸口脉和按诊两部分。寸口是人体脏腑气血交会之处，独取寸口的方法，在汉代成书的《八十一难经》中就已经形成。
中医诊法是中医学独具特色的诊断疾病的方法，其潜在的科技与人文文化内涵，随着医学科学的发展和中外文化的广泛交流，发挥着越来越大的作用。但是，受西方医学的影响，中医诊法的应用日渐萎缩。","[{'name': '周超凡', 'gender': '男', 'birth_date': '', 'ethnicity': '汉族'}, {'name': '周仲瑛', 'gender': '男', 'birth_date': '1928.08', 'ethnicity': '汉族'}, {'name': '邓铁涛', 'gender': '男', 'birth_date': '1916.10', 'ethnicity': '汉族'}]",[]
中医诊法（葛氏捏筋拍打疗法）,传统医药,北京市海淀区,https://www.ihchina.cn/project_details/14770.html,"葛氏捏筋拍打疗法以手指捏揉和用拍子拍打身体特定部位的经脉筋腱，以行气活血、调理脏腑，而达到强筋健骨、调和气血、防病治病的目的。其理论源自我国传统医学的经筋学说，治疗技术则滥觞于我国古代的“导引按跷”之术。此疗法发端于清末，五代相传，至今已有一百五十余年的历史。葛氏家族原籍山东蓬莱，祖辈因闯关东定居于辽宁锦州，第一代创始人葛献宝在山东悬壶济世，始创“葛氏捏筋拍打疗法”，传至第三代葛长海，总结形成一套完整的理论和手法技术，后调入北京工作。北京市海淀区成为“葛氏捏筋拍打疗法”的主要传承地区。
葛氏捏筋拍打疗法继承中医文化传统，形成了独特的脉位理论和捏筋拍打技术。该疗法手法多样，简便易行，适应症广泛，疗效确切，传承方式具有开放性、多样化的特点。
该疗法也面临着医疗文化氛围改变、部分传承人无执业医师资格、理论与技术仍待进一步整理总结、培训传承受到限制等问题，需要采取保护措施，以使其更好地传承发展。","[{'name': '葛凤麟', 'gender': '男', 'birth_date': '1955.06.24', 'ethnicity': '汉族'}]",[]
中医诊法（王氏脊椎疗法）,传统医药,北京市西城区,https://www.ihchina.cn/project_details/14769.html,"王氏脊椎疗法是清代皇宫御医治疗脊椎、脑疾的一种传统中医保健疗法。它综合了传统中医内病外治、祛邪扶正的方法，调动人体自身修复机能的作用，是防、治一体化的中医保健疗法。
王氏脊椎疗法起源于清代顺治（1644—1661）年间。当时民间中医王汝清从军医治箭伤，由于其疗效高而留在宫中成为御医。乾隆年间，王汝清的后代王昭恩又被召入宫中成为御医。清末时该疗法散落民间。民国后，王氏传人继续行医，其疗法始终未断传承，目前王兴治已是第十三代传人了。
王氏脊椎疗法的治疗原理主要是循经取穴、药物渗透和推拿按摩。根据中医“经脉所通，主治所及”原理，以人体阳经为主，阴经为辅，辨证施治。通过穴位弹刺，达到“药入邪出”的目的。该疗法将竹子制成竹罐作为给药工具，利用竹子本身清热解毒、散风除湿的功效，与配方药物合力以达到最佳疗效。并通过高温、高压使药液充分注入、贮于竹罐体；利用拔罐时产生的负压，使药液有效渗入人体。
王氏脊椎疗法历经三百多年的传承与发展，其文化内涵、制作工艺与治疗技术积淀深厚，亟待得到更好地保护与传承。","[{'name': '王兴治', 'gender': '男', 'birth_date': '1953.06', 'ethnicity': '汉族'}]",[]
中医诊法（道虎壁王氏中医妇科）,传统医药,山西省平遥县,https://www.ihchina.cn/project_details/14771.html,"道虎壁王氏妇科起源于宋金、元时期，相传29代延续八百余年。现位于山西省平遥古城道虎壁村，距离古城2.5公里。王氏妇科主治妇女胎前产后，月经不调，久婚不孕，崩漏带下，卵巢囊肿，子宫肌瘤，上环后引起的腰困、出血淋漓不断等妇科疑难杂症。
对中药材的选用、加工炮制，丸、散、膏、丹的制作均采用日晒、露炼上糖、酒制、醋泡、盐泡、蒸、晒、蜜制等技艺，技术操作全凭经验掌握。王氏妇科家族中铭刻史册的著名医生有：始祖王厚，第四代传人王时亨，第八代传人王士能，第十一代传人王景刚，第十二代王伯辉，第十九代王聘宇，第二十代王笃生，第二十五代王集一。第二十六代王裕普为近代名医。现代名医第二十七代传人王培章，王裕普之子，主任医师。近代王集一、王裕普，《平遥县志》均有记载。1952年王裕普携子王培章、王培尧等创建中西医联合诊疗所，而后成立平遥县妇科医院。1962年平遥县妇科医院与平遥县人民医院合并。
王氏妇科经过一代又一代人的医学实践，积累了大量的临床经验和祖传秘方、脉诀歌赋以及独特的中药炮制方法，为广大患者治愈疾病，深受老百姓的赞誉。当地媳妇患病去世，娘家人要问是否请道虎壁王家诊治过，否则娘家人必追究责任。这种疗效和信誉是王氏妇科代代相传的根本原因。
第二十八代传人王温行医四十余年，与父亲王培章合著《傅山女科家传应用》一书并获奖。1998年创办“太原市道虎壁妇科门诊”。第二十八代传人王恭，中医师。1990年创办“平遥县道虎壁王恭诊所”。行医三十余年，在王氏妇科基础上，对男子阳痿早泄、遗精、肝肾不足引起的不育症的诊治有独特疗效。","[{'name': '王培章', 'gender': '男', 'birth_date': '1932.11', 'ethnicity': '汉族'}]",[]
中医诊法（朱氏推拿疗法）,传统医药,上海市,https://www.ihchina.cn/project_details/14772.html,"朱氏一指禅推拿疗法由上海嘉定黄墙中医世家六世医朱春霆先生创立，其子朱鼎成先生衣钵相传。
朱氏一指禅推拿是近代中医推拿最著名的流派之一。其根基为中医巨著《黄帝内经》和达摩所创“一指禅推拿”，其手法有推、拿、按、摩及推摩等十余种，一指禅推法为其精华；“以指代针”、“内病外治”为其特色；其“万法归一”、“经络诊治”、“柔和舒适”的理念和疗法在诊治脾胃病、小儿麻痹症、头痛、月经不调、小儿发育不良、颈椎病、骨关节炎等内外疾病方面独树一帜。
新中国成立后，朱春霆受聘华东医院，首创中医推拿专科。经半个多世纪的临床积累，朱氏一指禅推拿在全面继承总结朱春霆学术思想的基础上，不断拓展推拿医疗、保健、康复领域，融入了“治未病”等新的治疗理念和方法。力求以人为本，提供个性化服务，相继推出了失眠、颈性眩晕等专病门诊和中医工作室。朱春霆、朱鼎成父子竭力服务于大众医疗和“高干保健”，解除了患者病痛，名声鹊起。朱氏一指禅推拿为大众养生健康事业奉献了中华医学的智慧。
朱氏一指禅推拿对中国推拿教育事业贡献巨大，朱春霆著书授业，创办了中国第一所推拿专业教育学校，突破了千年来中医家传或师带徒模式，开创推拿课堂教学之先河，桃李满天下。
朱春霆是《大辞海》（2003年版）记载的唯一的推拿医学家。《上海卫生志》（1998年版）将“朱氏推拿”列入中医流派之一。一指禅推拿是《辞海》（1936年版）唯一收载的推拿学派。","[{'name': '朱鼎成', 'gender': '男', 'birth_date': '1951.02', 'ethnicity': '汉族'}]",[]
中医诊法（张一帖内科疗法）,传统医药,安徽省黄山市,https://www.ihchina.cn/project_details/14773.html,"在安徽新安医学的世医家族链中，以内科为主的“张一帖”家族被认为是历史最悠久、当代影响最大的家族之一。“张一帖”世医根基于歙县定潭。
从明朝嘉靖年间“张一帖”得名算起，代代为医，传承至今已有四百五十多年的历史。“张一帖”以其精湛的医技，治疗内科疑难杂症和急性热病屡获佳效而享誉皖、浙、赣数省。
“张一帖”的得名，就是因为急危重症常常一帖（剂）药而愈，民间还有“仙人拐”等神奇传说。著名经学家吴承仕之痼疾经“张一帖内科”第十三代传人张根桂诊治痊愈后，由衷地赞叹：“术著岐黄三世业，心涵雨露万家春。”
具有四百五十多年历史的“张一帖内科”家族流传至今，说明新安医学的事业正得到传承与弘扬。","[{'name': '李艳', 'gender': '女', 'birth_date': '', 'ethnicity': '汉族'}, {'name': '张舜华', 'gender': '女', 'birth_date': '1932.1', 'ethnicity': '汉族'}, {'name': '李济仁', 'gender': '男', 'birth_date': '1931.1', 'ethnicity': '汉族'}]",[]
中医诊疗法（清华池传统修脚术）,传统医药,北京市西城区,https://www.ihchina.cn/project_details/14774.html,,"[{'name': '王建生', 'gender': '男', 'birth_date': '', 'ethnicity': '汉族'}]",[]
中医诊疗法（中医络病诊疗方法）,传统医药,河北省石家庄市,https://www.ihchina.cn/project_details/14775.html,,"[{'name': '吴以岭', 'gender': '男', 'birth_date': '', 'ethnicity': '汉族'}]",[]
中医诊疗法（脏腑推拿疗法）,传统医药,河北省保定市,https://www.ihchina.cn/project_details/14776.html,,"[{'name': '王红星', 'gender': '男', 'birth_date': '', 'ethnicity': '汉族'}]",[]
中医诊疗法（顾氏外科疗法）,传统医药,上海市,https://www.ihchina.cn/project_details/14777.html,,"[{'name': '陆德铭', 'gender': '男', 'birth_date': '', 'ethnicity': '汉族'}]",[]
中医诊疗法（古本易筋经十二势导引法）,传统医药,上海市,https://www.ihchina.cn/project_details/14778.html,,"[{'name': '严蔚冰', 'gender': '男', 'birth_date': '', 'ethnicity': '汉族'}]",[]
中医诊疗法（丁氏痔科医术）,传统医药,江苏省南京市秦淮区,https://www.ihchina.cn/project_details/14779.html,,"[{'name': '丁义江', 'gender': '男', 'birth_date': '', 'ethnicity': '汉族'}]",[]
中医诊疗法（扬州传统修脚术）,传统医药,江苏省扬州市,https://www.ihchina.cn/project_details/14780.html,,"[{'name': '陆琴', 'gender': '女', 'birth_date': '', 'ethnicity': '汉族'}]",[]
中医诊疗法（董氏儿科医术）,传统医药,浙江省宁波市海曙区,https://www.ihchina.cn/project_details/14781.html,,"[{'name': '董幼祺', 'gender': '男', 'birth_date': '', 'ethnicity': '汉族'}]",[]
中医诊疗法（西园喉科医术）,传统医药,安徽省歙县,https://www.ihchina.cn/project_details/14782.html,,"[{'name': '郑铎', 'gender': '男', 'birth_date': '', 'ethnicity': '汉族'}]",[]
中医诊疗法（买氏中医外治法）,传统医药,河南省周口市川汇区,https://www.ihchina.cn/project_details/14783.html,,"[{'name': '买建修', 'gender': '男', 'birth_date': '', 'ethnicity': '回族'}]",[]
中医诊疗法（毛氏济世堂脱骨疽疗法）,传统医药,河南省新蔡县,https://www.ihchina.cn/project_details/14784.html,,"[{'name': '毛顺卿', 'gender': '男', 'birth_date': '', 'ethnicity': '汉族'}]",[]
中医诊疗法（镇氏风湿病马钱子疗法）,传统医药,湖北省咸宁市咸安区,https://www.ihchina.cn/project_details/14785.html,,"[{'name': '镇水清', 'gender': '男', 'birth_date': '', 'ethnicity': '汉族'}]",[]
中医诊疗法（一指禅推拿）,传统医药,广东省珠海市,https://www.ihchina.cn/project_details/14787.html,,"[{'name': '韩竞生', 'gender': '男', 'birth_date': '', 'ethnicity': '汉族'}]",[]
中医诊疗法（贾氏点穴疗法）,传统医药,广东省深圳市,https://www.ihchina.cn/project_details/14786.html,,"[{'name': '陈荣钟', 'gender': '男', 'birth_date': '', 'ethnicity': '汉族'}]",[]
中医诊疗法（孔伯华中医世家医术）,传统医药,北京市朝阳区,https://www.ihchina.cn/project_details/23814.html,,"[{'name': '孔令誉', 'gender': '男', 'birth_date': '', 'ethnicity': '汉族'}]",[]
中医诊疗法（津沽脏腑推拿）,传统医药,天津市南开区,https://www.ihchina.cn/project_details/23815.html,,"[{'name': '王金贵', 'gender': '男', 'birth_date': '', 'ethnicity': '汉族'}]",[]
中医诊疗法（摸骨正脊术）,传统医药,山西省晋中市灵石县,https://www.ihchina.cn/project_details/23816.html,,"[{'name': '房敏', 'gender': '男', 'birth_date': '', 'ethnicity': '汉族'}, {'name': '郭华', 'gender': '男', 'birth_date': '', 'ethnicity': '汉族'}, {'name': '严隽陶', 'gender': '男', 'birth_date': '', 'ethnicity': '汉族'}]",[]
中医诊疗法（丁氏推拿疗法）,传统医药,上海市,https://www.ihchina.cn/project_details/23817.html,,"[{'name': '房敏', 'gender': '男', 'birth_date': '', 'ethnicity': '汉族'}, {'name': '郭华', 'gender': '男', 'birth_date': '', 'ethnicity': '汉族'}, {'name': '严隽陶', 'gender': '男', 'birth_date': '', 'ethnicity': '汉族'}]",[]
中医诊疗法（朱氏妇科疗法）,传统医药,上海市,https://www.ihchina.cn/project_details/23818.html,,"[{'name': '房敏', 'gender': '男', 'birth_date': '', 'ethnicity': '汉族'}, {'name': '郭华', 'gender': '男', 'birth_date': '', 'ethnicity': '汉族'}, {'name': '严隽陶', 'gender': '男', 'birth_date': '', 'ethnicity': '汉族'}]",[]
中医诊疗法（绍派伤寒）,传统医药,浙江省绍兴市,https://www.ihchina.cn/project_details/23819.html,,[],[]
中医诊疗法（祁门蛇伤疗法）,传统医药,安徽省黄山市祁门县,https://www.ihchina.cn/project_details/23820.html,,"[{'name': '滕英', 'gender': '男', 'birth_date': '', 'ethnicity': '汉族'}, {'name': '王和鸣', 'gender': '男', 'birth_date': '', 'ethnicity': '汉族'}]",[]
中医诊疗法（南少林理筋整脊疗法）,传统医药,福建省,https://www.ihchina.cn/project_details/23821.html,,"[{'name': '滕英', 'gender': '男', 'birth_date': '', 'ethnicity': '汉族'}, {'name': '王和鸣', 'gender': '男', 'birth_date': '', 'ethnicity': '汉族'}]",[]
中医诊疗法（张氏经络收放疗法）,传统医药,河南省新乡市红旗区,https://www.ihchina.cn/project_details/23822.html,,"[{'name': '张喜钦', 'gender': '男', 'birth_date': '', 'ethnicity': '汉族'}]",[]
中医诊疗法（宋氏中医外科疗法）,传统医药,河南省平顶山市汝州市,https://www.ihchina.cn/project_details/23823.html,,"[{'name': '宋兆普', 'gender': '男', 'birth_date': '', 'ethnicity': '汉族'}]",[]
中医诊疗法（陈氏蜂疗法）,传统医药,湖南省郴州市,https://www.ihchina.cn/project_details/23824.html,,[],[]
中医诊疗法（李仲愚杵针疗法）,传统医药,四川省,https://www.ihchina.cn/project_details/23825.html,,"[{'name': '钟磊', 'gender': '男', 'birth_date': '', 'ethnicity': '汉族'}]",[]
中医诊疗法（海西民间青盐药用技艺）,传统医药,青海省海西蒙古族藏族自治州,https://www.ihchina.cn/project_details/23826.html,,[],[]
中医诊疗法（应氏奇穴疗法）,传统医药,中国民族医药学会,https://www.ihchina.cn/project_details/23827.html,,[],[]
中药炮制技术,传统医药,中国中医科学院,https://www.ihchina.cn/project_details/14788.html,"中药炮制是指在中医理论的指导下，按中医用药要求将中药材加工成中药饮片的传统方法和技术，古时又称“炮炙”、“修事”、“修治”。药物经炮制后，不仅可以提高药效、降低药物的毒副作用，而且方便存储，是中医临床用药的必备工序。几千年以来，不仅积累了丰富的炮制方法与技术，而且也形成了一套传统的炮制加工工具。炮制是中药传统制药技术的集中体现和核心，“饮片入药，生熟异治”是中药的鲜明特色和一大优势。中药饮片炮制技术是中国所特有的，是中国几千年传统文化的结晶，是中华文化的瑰宝。
中药炮制历史久远。相传起源于神农时代，汉代的《神农本草经》、梁代陶弘景的《本草经集注》对中药炮制已有详细的记述。东汉张仲景的《伤寒杂病论》记述了一百余种药物的炮制。南北朝时期雷的炮制专著《雷公炮炙论》记载了300种药物的炮制方法与技术。唐代的《新修本草》是中国的第一部国家药典，标示有药物炮制的方法，是炮制技术受到政府保护的开端。明代李时珍的《本草纲目》设有炮制专项，缪希雍的《炮炙大法》，总结中药炮制大法17种。清代张睿的《修事指南》，详细记载了232种炮制方法。
目前，全国专门从事炮制工作的只有近百人。中药炮制技术处于萎缩的濒危状况。由于“现代”用药方法趋于“常规化”，传统的“一方一法”的用药模式已不复存在，许多特殊而又可产生特效的传统炮制技术逐渐被遗忘。现存为数不多的身怀绝技的炮制老药工对于自己经过长期工作总结出来的炮制方法秘而不宣，传统的炮制技术面临衰退甚至失传的局面。相关部门对炮制技术的继承和保护还不够重视，在继承和保护方面未采取具体措施，所以，中药的炮制技术亟待得到保护。","[{'name': '肖永庆', 'gender': '男', 'birth_date': '', 'ethnicity': '汉族'}, {'name': '王孝涛', 'gender': '男', 'birth_date': '1928.06', 'ethnicity': '汉族'}]",[]
中药炮制技术,传统医药,中国中药协会,https://www.ihchina.cn/project_details/14789.html,"中药炮制是指在中医理论的指导下，按中医用药要求将中药材加工成中药饮片的传统方法和技术，古时又称“炮炙”、“修事”、“修治”。药物经炮制后，不仅可以提高药效、降低药物的毒副作用，而且方便存储，是中医临床用药的必备工序。几千年以来，不仅积累了丰富的炮制方法与技术，而且也形成了一套传统的炮制加工工具。炮制是中药传统制药技术的集中体现和核心，“饮片入药，生熟异治”是中药的鲜明特色和一大优势。中药饮片炮制技术是中国所特有的，是中国几千年传统文化的结晶，是中华文化的瑰宝。
中药炮制历史久远。相传起源于神农时代，汉代的《神农本草经》、梁代陶弘景的《本草经集注》对中药炮制已有详细的记述。东汉张仲景的《伤寒杂病论》记述了一百余种药物的炮制。南北朝时期雷的炮制专著《雷公炮炙论》记载了300种药物的炮制方法与技术。唐代的《新修本草》是中国的第一部国家药典，标示有药物炮制的方法，是炮制技术受到政府保护的开端。明代李时珍的《本草纲目》设有炮制专项，缪希雍的《炮炙大法》，总结中药炮制大法17种。清代张睿的《修事指南》，详细记载了232种炮制方法。
目前，全国专门从事炮制工作的只有近百人。中药炮制技术处于萎缩的濒危状况。由于“现代”用药方法趋于“常规化”，传统的“一方一法”的用药模式已不复存在，许多特殊而又可产生特效的传统炮制技术逐渐被遗忘。现存为数不多的身怀绝技的炮制老药工对于自己经过长期工作总结出来的炮制方法秘而不宣，传统的炮制技术面临衰退甚至失传的局面。相关部门对炮制技术的继承和保护还不够重视，在继承和保护方面未采取具体措施，所以，中药的炮制技术亟待得到保护。","[{'name': '金世元', 'gender': '男', 'birth_date': '1926.12', 'ethnicity': '汉族'}]",[]
中药炮制技术（四大怀药种植与炮制）,传统医药,河南省焦作市,https://www.ihchina.cn/project_details/14790.html,"中药来源于自然界的植物、动物和矿物。我国传统药材资源达12807种，但中药临床应用和成药制作一般不用生药，而用经过加工炮制的成熟品即饮片。
中药炮制是根据中医药理论和医疗、调剂、贮藏等不同要求以及药材自身的性质，分别采用修治、水制、火制及增添辅料制作等方法，对生药进行加工的特殊技术，其上可追溯到药材的种植、采集或饲养，其中以炒、炙、烫、煅、煨和火制方法最为常用，故名“炮制”。
中药炮制的目的在于降低或消除药物的毒性和副反应，缓和或改变药性，从而提高疗效，便于调剂、贮藏和服用，其核心是减毒增效。从古至今，中医药行业在中药炮制方面积累了大量经验，总结了成套理论，发明了不少技术，形成了众多流派，编著了大量著作，中药炮制技术成为中药学的重要内容之一。
河南省焦作地区种植怀山药、怀地黄、怀菊花、怀牛膝已有近三千年的历史，因河南省焦作市古属怀庆府管辖，所以怀山药、怀地黄、怀菊花、怀牛膝统称“四大怀药”。
四大怀药的种植，包括育种、选地、整土、育苗、施肥、虫害防治等都有严格的要求，药材的加工也有严格的传统工艺标准，怀地黄的九蒸九晒，怀山药的反复浸泡和熏蒸、晾晒和搓制等工艺，使得药材具有了优越的品质。明清时期，怀药商人崛起，大大促进了怀药加工的规范化和怀药文化品牌的形成，使四大怀药成为河南首屈一指的地道药材。六味地黄丸中，怀地黄和怀山药的比例占到48%，而由怀药产生的文化习俗也广泛地影响着当地百姓的生产生活。
近年来，由于一些农户片面追求怀药产量，降低单位成本以增强价格竞争力，摒弃传统的种植和加工技艺，随意引进外地种子种苗，使四大怀药原有的品质失真。真正的传统种植和加工技艺受到严重冲击，有待对其进行进一步的挖掘、保护和传承。","[{'name': '康明轩', 'gender': '男', 'birth_date': '', 'ethnicity': '汉族'}, {'name': '李成杰', 'gender': '男', 'birth_date': '1932.10', 'ethnicity': '汉族'}, {'name': '孙树武', 'gender': '男', 'birth_date': '1947.08', 'ethnicity': '汉族'}]",[]
中药炮制技术（中药炮制技艺）,传统医药,四川省成都市,https://www.ihchina.cn/project_details/14791.html,"中药来源于自然界的植物、动物和矿物。我国传统药材资源达12807种，但中药临床应用和成药制作一般不用生药，而用经过加工炮制的成熟品即饮片。
中药炮制是根据中医药理论和医疗、调剂、贮藏等不同要求以及药材自身的性质，分别采用修治、水制、火制及增添辅料制作等方法，对生药进行加工的特殊技术，其上可追溯到药材的种植、采集或饲养，其中以炒、炙、烫、煅、煨和火制方法最为常用，故名“炮制”。
中药炮制的目的在于降低或消除药物的毒性和副反应，缓和或改变药性，从而提高疗效，便于调剂、贮藏和服用，其核心是减毒增效。从古至今，中医药行业在中药炮制方面积累了大量经验，总结了成套理论，发明了不少技术，形成了众多流派，编著了大量著作，中药炮制技术成为中药学的重要内容之一。
四川有“天府之国”和“中医之乡、中药之库”的美称，全川中药资源有五千余种，约占全中国中草药品种的75%，其中著名道地药材和主产药材三十余种。应用中药及中成药是四川人防治疾病的主要手段。
中药炮制是根据中医药理论，依照辨症施治用药的需要和药物自身性质以及调剂、制剂的不同要求所采取的一项制药技术，是中医药学的一大特色。炮制方法非常之多，如蒸、炒、炙、煅、炮、炼、煮沸、火熬、烧、斩断、研、锉、捣膏、酒洗、酒煎、酒煮、水浸、汤洗、刮皮、去核、去翅足、去毛等。中药炮制在中医理论和运用中具有相当重要的作用，一是可以提高临床医疗的效果，即医生可根据不同的病因、病机、症候及患者的身体健康状态，有的放矢地选用恰当的炮制品，以增强方剂的准确性、可靠性和实用疗效。二是中药炮制可充分保证临床用药的安全性，可以降低或消除药物的毒副作用，从而保证患者的生命安全。
改革开放后，国家大力推进中药发展，废除有毒药物和回避技术难点高的品种，成都许多独有的中药成方制备技术逐渐被淘汰，同时民间掌握这类制剂处方、制备方法、制备设备的老一代技术人员大多已去世，健在的也年事已高，中药炮制技艺亟待抢救、保护。","[{'name': '胡昌江', 'gender': '男', 'birth_date': '', 'ethnicity': '汉族'}]",[]
中药炮制技艺（人参炮制技艺）,传统医药,吉林省通化市,https://www.ihchina.cn/project_details/14792.html,,"[{'name': '王俊良', 'gender': '男', 'birth_date': '', 'ethnicity': '满族'}]",[]
中药炮制技艺（人参炮制技艺）,传统医药,吉林省通化市,https://www.ihchina.cn/project_details/14793.html,,[],[]
中药炮制技艺（武义寿仙谷中药炮制技艺）,传统医药,浙江省武义县,https://www.ihchina.cn/project_details/14794.html,,"[{'name': '李明焱', 'gender': '男', 'birth_date': '', 'ethnicity': '汉族'}]",[]
中药炮制技艺（樟树中药炮制技艺）,传统医药,江西省樟树市,https://www.ihchina.cn/project_details/14795.html,,"[{'name': '袁小平', 'gender': '男', 'birth_date': '', 'ethnicity': '汉族'}]",[]
中药炮制技艺（汉派彭银亭中药炮制技艺）,传统医药,湖北省武汉市江岸区,https://www.ihchina.cn/project_details/23828.html,,"[{'name': '张义生', 'gender': '男', 'birth_date': '', 'ethnicity': '汉族'}]",[]
中药炮制技艺（新会陈皮炮制技艺）,传统医药,广东省江门市新会区,https://www.ihchina.cn/project_details/23829.html,,"[{'name': '陈柏忠', 'gender': '男', 'birth_date': '', 'ethnicity': '汉族'}]",[]
中药炮制技艺（岷县当归加工技艺）,传统医药,甘肃省定西市岷县,https://www.ihchina.cn/project_details/23830.html,,[],[]
中医传统制剂方法,传统医药,中国中医科学院,https://www.ihchina.cn/project_details/14796.html,"中医传统制剂是在中医药理论指导下，以中药为原料，加工制成具有一定规格、可直接用于防病、治病的药品。最具代表性的传统剂型有丸、散、膏、丹。千百年来，中医传统制剂在历代医家的医疗实践中，积累了丰富的经验，形成了独特的制剂技术，是祖国传统医学宝库中重要组成部分。
远在夏禹时代，祖先们由酿酒而发现了酒的作用，并制成药酒，同时发现了曲剂。至商代，汤剂已广泛应用。东汉时期对制药理论和制备法则已有认识，指出“药性有宜丸者，宜散者，宜水煎者，宜酒渍者，亦有一物兼宜者，亦有不宜入汤酒者，并随药性，不得违越”。强调根据药性选择剂型。张仲景在汤、丸、散、膏、酒的基础上，又创制了坐剂、导剂、洗剂、滴耳剂、糖浆剂及脏器制剂等十余种剂型。而且制备方法较完备，用法用量、适应症明确。晋代葛洪创造了利用药物本身的粘合力制丸，以及铅硬膏、蜡丸、浓缩丸、锭、条、灸等剂型。金元时代发明丸剂包衣、明代则有“朱砂为衣”的新工艺。明代李时珍是集大成者，总结了16世纪以前药物制剂的方法，记录了四十余种药物剂型。
现代科学技术的进步，中药新剂型、新工艺、新技术不断涌现，丰富了中药制剂的剂型。但是，传统的制剂技术受到了前所未有的挑战和冲击，除汤剂仍然是中医临床首选剂型外，“丸、散、膏”仍被广泛使用，有些传统剂型和技术已经失传或正在被淘汰，其中不乏传统技术。因此，有必要对其进行保护，以实现继承和发展。","[{'name': '颜正华', 'gender': '男', 'birth_date': '1920.02.27', 'ethnicity': '汉族'}]",[]
中医传统制剂方法,传统医药,中国中药协会,https://www.ihchina.cn/project_details/14797.html,"中医传统制剂是在中医药理论指导下，以中药为原料，加工制成具有一定规格、可直接用于防病、治病的药品。最具代表性的传统剂型有丸、散、膏、丹。千百年来，中医传统制剂在历代医家的医疗实践中，积累了丰富的经验，形成了独特的制剂技术，是祖国传统医学宝库中重要组成部分。
远在夏禹时代，祖先们由酿酒而发现了酒的作用，并制成药酒，同时发现了曲剂。至商代，汤剂已广泛应用。东汉时期对制药理论和制备法则已有认识，指出“药性有宜丸者，宜散者，宜水煎者，宜酒渍者，亦有一物兼宜者，亦有不宜入汤酒者，并随药性，不得违越”。强调根据药性选择剂型。张仲景在汤、丸、散、膏、酒的基础上，又创制了坐剂、导剂、洗剂、滴耳剂、糖浆剂及脏器制剂等十余种剂型。而且制备方法较完备，用法用量、适应症明确。晋代葛洪创造了利用药物本身的粘合力制丸，以及铅硬膏、蜡丸、浓缩丸、锭、条、灸等剂型。金元时代发明丸剂包衣、明代则有“朱砂为衣”的新工艺。明代李时珍是集大成者，总结了16世纪以前药物制剂的方法，记录了四十余种药物剂型。
现代科学技术的进步，中药新剂型、新工艺、新技术不断涌现，丰富了中药制剂的剂型。但是，传统的制剂技术受到了前所未有的挑战和冲击，除汤剂仍然是中医临床首选剂型外，“丸、散、膏”仍被广泛使用，有些传统剂型和技术已经失传或正在被淘汰，其中不乏传统技术。因此，有必要对其进行保护，以实现继承和发展。","[{'name': '张伯礼', 'gender': '男', 'birth_date': '1948.2', 'ethnicity': '汉族'}]",[]
中医传统制剂方法（龟龄集传统制作技艺）,传统医药,山西省太谷县,https://www.ihchina.cn/project_details/14798.html,"中药传统制剂，主要指丸、散、膏、丹，此外还有酒剂、锭剂、胶剂等等，每一种剂型都有一套传统制剂工艺，结合某些产品，还有一些特殊的制作方法。随着时代发展，中成药的制作有了许多改革和创新，大大提高了生产效率，但传统制剂方法并未全部淘汰，其中某些传统制剂方法，仍然是中成药制作的最佳选择，尤其是某些名牌中成药、处方保密中成药、含有贵细中药成分的中成药，在“老字号”企业生产时往往沿用传统制剂方法。
中药传统制剂方法保留了古代作坊生产的某些特点，选料精当、投料有序、工艺独特，包装和仿单蕴含传统文化气息，深受医者和患者的信赖。
龟龄集是有悠久传承历史、至今保存完好的中药复方升炼剂，是我国中成药历史宝库的珍贵遗产。它以独特的传统升炼技术炼制而成，功效卓著，被誉为“补王龟龄集”。
明代嘉靖元年（1522），方士邵元节和陶仲文从《云笈七笺》的“老君益寿散”中取长补短，加以增删，并采用炉鼎升炼技术，制成了号称可以长生不老的“仙药”，献给皇上。嘉靖帝服用后，龙颜大悦，亲赐药名“龟龄集”，以示服用此药可以获得像千年神龟那样的高龄。在古代，“龟”被列为“四灵”（龙、凤、龟、麟）之一，象征长寿祥瑞。邵元节和陶仲文因此得到皇帝的恩宠，位跻三公，龟龄集从此成为内宫“御用圣药”。
龟龄集主要由人参、鹿茸、肉苁蓉、海马、淫羊霍等大补气血、温阳益精之品组成，常用于阳痿、早泄、遗精等症，素有男科“圣药”美称，具有强心、提高免疫力等功效，可用于多种因肾阳虚损所致男科病的治疗。具有促进新陈代谢、加强血液循环、增进肌体免疫力和心肌收缩力的功能，主要用于强身、健脑、益髓、行阳、滋肾、补气、增进食欲、调整神经、调节内分泌、消除心肌疲劳等。
后来，此药方辗转传入“广盛药店”（即山西广誉远国药有限公司前身），龟龄集便成为山西省太谷县的传统名牌良药流传下来。","[{'name': '柳惠武', 'gender': '男', 'birth_date': '1955.01', 'ethnicity': '汉族'}, {'name': '杨巨奎', 'gender': '男', 'birth_date': '1933.10', 'ethnicity': '汉族'}]",[]
中医传统制剂方法（雷允上六神丸制作技艺）,传统医药,江苏省苏州市,https://www.ihchina.cn/project_details/14799.html,"中药传统制剂，主要指丸、散、膏、丹，此外还有酒剂、锭剂、胶剂等等，每一种剂型都有一套传统制剂工艺，结合某些产品，还有一些特殊的制作方法。随着时代发展，中成药的制作有了许多改革和创新，大大提高了生产效率，但传统制剂方法并未全部淘汰，其中某些传统制剂方法，仍然是中成药制作的最佳选择，尤其是某些名牌中成药、处方保密中成药、含有贵细中药成分的中成药，在“老字号”企业生产时往往沿用传统制剂方法。
中药传统制剂方法保留了古代作坊生产的某些特点，选料精当、投料有序、工艺独特，包装和仿单蕴含传统文化气息，深受医者和患者的信赖。
苏州吴医荟萃，药业兴盛。清代中期，吴门名医雷允上研究吸收了吴门医派的精华之后，把吴门医术发挥到了极致，于姑苏阊门开设了诵芬堂药店。雷允上所处的时代正是吴门医派温病学派日趋成熟的时代，医家在对温热病治疗的实践中发明了剂量很少但很有效的治疗方子，其中最具代表性的就是六神丸。当时医药虽已基本分开，但雷允上却集医药于一身，把行医与制药结合在一起。在长期的临诊卖药实践中，雷允上掌握了大量古方，积累了不少民间验方、单方，并对此进行了精深的研究。特别是对时疫急救药、外科多发病药，他根据临诊经验，按君臣佐使之道不断修改麝香、犀角、牛黄、羚羊角、珍珠等名贵香料细料及剧药的配伍，制炼出了六神丸等久负盛名的药剂。
受现代西医西药的冲击，人们对中医药方剂的认识缺乏科学的认知，导致了中药衰落，也直接影响了雷允上六神丸制作技艺的传承。","[{'name': '李英杰', 'gender': '男', 'birth_date': '1960.03', 'ethnicity': '汉族'}]",[]
中医传统制剂方法（东阿阿胶制作技艺）,传统医药,山东省东阿县,https://www.ihchina.cn/project_details/14801.html,"中药传统制剂，主要指丸、散、膏、丹，此外还有酒剂、锭剂、胶剂等等，每一种剂型都有一套传统制剂工艺，结合某些产品，还有一些特殊的制作方法。随着时代发展，中成药的制作有了许多改革和创新，大大提高了生产效率，但传统制剂方法并未全部淘汰，其中某些传统制剂方法，仍然是中成药制作的最佳选择，尤其是某些名牌中成药、处方保密中成药、含有贵细中药成分的中成药，在“老字号”企业生产时往往沿用传统制剂方法。
中药传统制剂方法保留了古代作坊生产的某些特点，选料精当、投料有序、工艺独特，包装和仿单蕴含传统文化气息，深受医者和患者的信赖。
山东省东阿县是阿胶发源地和主产区，阿胶生产已有两千余年的历史，明代中后期，达到“妇孺皆通熬胶”的鼎盛时期，是国家命名的“中国阿胶之乡”、福牌阿胶的原产地保护区及唯一生产地。
东阿县有阿井，地下水系泰山、太行山两山山脉交汇之潜流。泰山之阴，太行之阳，阴阳相济，水的相对密度为1.0038，富含矿物质和微量元素，易去除阿胶杂质，使胶质纯正，易于被人体吸收。
东阿阿胶传统工艺包括整皮、化皮、熬汁等五十多道工序，全为手工操作，尤以熬胶、晾胶最为复杂，其间挂珠、砸油、吊猴等环节最显功力，操作六七年始摸窍门。东阿阿胶工艺规程列入国家医药局首批科技保密项目。
阿胶文化集中医药学、史学、哲学、养生、进补、膏方文化及古典文学于一体，是中华医药文化的代表，曾获巴拿马国际博览会金奖、传统药“长城”国际金奖、中华老字号、中国驰名商标等殊荣。
受现代工业化及西方医药的冲击，加上工业污染、水及驴皮资源日渐稀缺，古法制胶工青黄不接，部分传统工艺及古方辨症应用濒临失传，东阿阿胶传统中医药文化亟待保护。",[],[]
中医传统制剂方法（东阿阿胶制作技艺）,传统医药,山东省平阴县,https://www.ihchina.cn/project_details/14800.html,"中药传统制剂，主要指丸、散、膏、丹，此外还有酒剂、锭剂、胶剂等等，每一种剂型都有一套传统制剂工艺，结合某些产品，还有一些特殊的制作方法。随着时代发展，中成药的制作有了许多改革和创新，大大提高了生产效率，但传统制剂方法并未全部淘汰，其中某些传统制剂方法，仍然是中成药制作的最佳选择，尤其是某些名牌中成药、处方保密中成药、含有贵细中药成分的中成药，在“老字号”企业生产时往往沿用传统制剂方法。
中药传统制剂方法保留了古代作坊生产的某些特点，选料精当、投料有序、工艺独特，包装和仿单蕴含传统文化气息，深受医者和患者的信赖。
山东省东阿县是阿胶发源地和主产区，阿胶生产已有两千余年的历史，明代中后期，达到“妇孺皆通熬胶”的鼎盛时期，是国家命名的“中国阿胶之乡”、福牌阿胶的原产地保护区及唯一生产地。
东阿县有阿井，地下水系泰山、太行山两山山脉交汇之潜流。泰山之阴，太行之阳，阴阳相济，水的相对密度为1.0038，富含矿物质和微量元素，易去除阿胶杂质，使胶质纯正，易于被人体吸收。
东阿阿胶传统工艺包括整皮、化皮、熬汁等五十多道工序，全为手工操作，尤以熬胶、晾胶最为复杂，其间挂珠、砸油、吊猴等环节最显功力，操作六七年始摸窍门。东阿阿胶工艺规程列入国家医药局首批科技保密项目。
阿胶文化集中医药学、史学、哲学、养生、进补、膏方文化及古典文学于一体，是中华医药文化的代表，曾获巴拿马国际博览会金奖、传统药“长城”国际金奖、中华老字号、中国驰名商标等殊荣。
受现代工业化及西方医药的冲击，加上工业污染、水及驴皮资源日渐稀缺，古法制胶工青黄不接，部分传统工艺及古方辨症应用濒临失传，东阿阿胶传统中医药文化亟待保护。","[{'name': '杨福安', 'gender': '男', 'birth_date': '1963.09', 'ethnicity': '汉族'}]",[]
中医传统制剂方法（廖氏化风丹制作技艺）,传统医药,贵州省遵义市红花岗区,https://www.ihchina.cn/project_details/14802.html,"中药传统制剂，主要指丸、散、膏、丹，此外还有酒剂、锭剂、胶剂等等，每一种剂型都有一套传统制剂工艺，结合某些产品，还有一些特殊的制作方法。随着时代发展，中成药的制作有了许多改革和创新，大大提高了生产效率，但传统制剂方法并未全部淘汰，其中某些传统制剂方法，仍然是中成药制作的最佳选择，尤其是某些名牌中成药、处方保密中成药、含有贵细中药成分的中成药，在“老字号”企业生产时往往沿用传统制剂方法。
中药传统制剂方法保留了古代作坊生产的某些特点，选料精当、投料有序、工艺独特，包装和仿单蕴含传统文化气息，深受医者和患者的信赖。
廖氏化风丹创制人廖耀寅依托贵州大娄山丰富的药材资源和板桥古镇的流通便宜，承袭祖业行医济世，于明代崇祯十七年（1644）研制出具有息风通络、镇惊豁痰、开窍醒脑功能的“化风丹”。
工艺上借鉴白酒发酵窖藏工艺，将核心药物处理制成药母，另将15味中药材用不同方法进行炮制后，与药母合磨成粉，制成丸剂，再将朱砂水与麝香研磨后的混合剂均匀涂于丸剂表面，经附着后烘干即成。
化风丹为朱红色丸剂，剖面呈棕黄色，味辛。对四时瘴气、中风偏瘫、小儿高热惊风、癫痫、面肌麻痹有特效。由于此药功效确切，传至二三代声名鹊起，在云、川、黔、滇、桂广为流传，被誉为“居家旅行之必备圣药”。1710年，廖家正式命名此药为“廖元和堂化风丹”。
化风丹的制作工艺在中药制作中属独创，其独特的组方配伍和多类型的药物炮制手法具有药物学科研价值；其在药理合于病理基础上辨症施治的制药理念及质量理念具有较高的学术价值；在化风丹的传承过程中，坚持“救人不论贫富，施药不分贵贱”的行医准则，体现出化风丹较高的人文理念价值。
在全球经济一体化的大环境下，化风丹通过建立资料库、建立传承人培训体系等方式来沿袭廖氏化风丹这一奇方名药，尽管如此，要单独对抗中医药的整体不景气，这些还远远不够，因此急需国家的保护。",[],[]
中医传统制剂方法（廖氏化风丹制作技艺）,传统医药,贵州省遵义市汇川区,https://www.ihchina.cn/project_details/14803.html,"中药传统制剂，主要指丸、散、膏、丹，此外还有酒剂、锭剂、胶剂等等，每一种剂型都有一套传统制剂工艺，结合某些产品，还有一些特殊的制作方法。随着时代发展，中成药的制作有了许多改革和创新，大大提高了生产效率，但传统制剂方法并未全部淘汰，其中某些传统制剂方法，仍然是中成药制作的最佳选择，尤其是某些名牌中成药、处方保密中成药、含有贵细中药成分的中成药，在“老字号”企业生产时往往沿用传统制剂方法。
中药传统制剂方法保留了古代作坊生产的某些特点，选料精当、投料有序、工艺独特，包装和仿单蕴含传统文化气息，深受医者和患者的信赖。
廖氏化风丹创制人廖耀寅依托贵州大娄山丰富的药材资源和板桥古镇的流通便宜，承袭祖业行医济世，于明代崇祯十七年（1644）研制出具有息风通络、镇惊豁痰、开窍醒脑功能的“化风丹”。
工艺上借鉴白酒发酵窖藏工艺，将核心药物处理制成药母，另将15味中药材用不同方法进行炮制后，与药母合磨成粉，制成丸剂，再将朱砂水与麝香研磨后的混合剂均匀涂于丸剂表面，经附着后烘干即成。
化风丹为朱红色丸剂，剖面呈棕黄色，味辛。对四时瘴气、中风偏瘫、小儿高热惊风、癫痫、面肌麻痹有特效。由于此药功效确切，传至二三代声名鹊起，在云、川、黔、滇、桂广为流传，被誉为“居家旅行之必备圣药”。1710年，廖家正式命名此药为“廖元和堂化风丹”。
化风丹的制作工艺在中药制作中属独创，其独特的组方配伍和多类型的药物炮制手法具有药物学科研价值；其在药理合于病理基础上辨症施治的制药理念及质量理念具有较高的学术价值；在化风丹的传承过程中，坚持“救人不论贫富，施药不分贵贱”的行医准则，体现出化风丹较高的人文理念价值。
在全球经济一体化的大环境下，化风丹通过建立资料库、建立传承人培训体系等方式来沿袭廖氏化风丹这一奇方名药，尽管如此，要单独对抗中医药的整体不景气，这些还远远不够，因此急需国家的保护。",[],[]
中医传统制剂方法（达仁堂清宫寿桃丸传统制作技艺）,传统医药,天津中新药业集团股份有限公司达仁堂制药厂,https://www.ihchina.cn/project_details/14804.html,"清宫寿桃丸系天津达仁堂制药厂独家品种，原名“蟠桃丸”，由人参、当归、地黄、枸杞子、分心木等多种名贵药材组成，具有补肾生精、益元强壮作用，且药性平和，是清朝“古稀天子”乾隆的御用秘方，最早的记载见于《清宫医案》的乾隆朝医案中。
达仁堂始创于1912年，脱胎于自雍正朝开始供奉御药的“乐家老铺—同仁堂”。清王朝灭亡后同仁堂停止了御药供奉，但当时末代皇帝溥仪作为伪满政权代言人仍从“乐家老铺—达仁堂”购药，由此“蟠桃丸”的宫廷秘方和传统制剂工艺，通过达仁堂的发展传承下来。但是，该药的生产在“文革”时期受到了极大影响，大部分生产及技术资料遗失。为了保护珍贵的文化遗产，1982年初，经陈可冀院士主持的“清宫医案研究室”进一步研究证实，该药不仅疗效显著，而且确为清代乾隆朝御用秘方。
天津达仁堂享有“蜜丸王”美誉，其炮制技术和选材标准始终遵循传统。清宫寿桃丸坚持清代宫廷制药的选料方法和原则，以优质药材入药，遵循古法炮制技艺，使得清宫寿桃丸达到宫廷秘制药的水平。清宫寿桃丸成为补肾益元、补气益血、延缓衰老的滋补上品。","[{'name': '郭玉凤', 'gender': '女', 'birth_date': '', 'ethnicity': '汉族'}]",[]
中医传统制剂方法（定坤丹制作技艺）,传统医药,山西省太谷县,https://www.ihchina.cn/project_details/14805.html,"定坤丹为妇科综合治疗制剂。系清代乾隆年间中医妇科制剂中的一大珍品。属于“古方所未备，珍秘而不传”的国家级保密处方。
据载，清乾隆四年（1739），太医院集全国名医编修《医宗金鉴》，乾隆命将宫妃郁血病列入研究内容。众御医很快据竹林寺僧《竹林女科证治》中“补经汤”一方，删减增补，拟出一个处方，施之临床，屡试屡效。定名为“定坤丹”，取“坤宫得到安定”之意，专供内廷使用。后定坤丹处方辗转落入广誉远前身“广升药店”，作为山西的独特产品流传下来。
定坤丹主要原料有：人参、鹿茸、当归、熟地、砂仁、红花、三七、于术、香附、阿胶、五灵脂、元胡等，共计二十多种珍贵中药材组成。具有补血、敛血、调经、安胎、解郁、柔肝、缓中、止痛、行淤、舒气、和胃、醒脾等功能。选料珍奇，配伍精当，治疗范围相当广泛。除了有调经活血之效外，兼有补气生血、疏肝解郁、镇痛、止带等作用，并可增强机体免疫功能。","[{'name': '柳惠武', 'gender': '男', 'birth_date': '1955.01', 'ethnicity': '汉族'}]",[]
中医传统制剂方法（六神丸制作技艺）,传统医药,上海市黄浦区,https://www.ihchina.cn/project_details/14806.html,"六神丸肇始于雷氏传人雷子纯。清同治年间，雷氏传人雷滋蕃得六神丸方，扩大生产，声誉日增。现为上海雷允上药业有限公司的著名特色品种，是国家保密品种，也是国家一般中药保护品种，1979年、1984年和1989年三次获得国家金质奖。
六神丸应用独特的中医药配伍理论：所用药材不是最常用的植物类药，而是动物、矿物类药，且有一定毒性，只有深谙中医药理论精髓的医家圣手才能开出这样的配方，既保留毒性药材中的有效成分，又降低毒性药材的毒副作用。和其他传统中药比，六神丸具有剂量小、起效快的特点。服用剂量仅以毫克计算；其他传统中药通常一个疗程需用周、月来计，而六神丸服用过后一天半日就可发挥作用。
在技艺上，六神丸从选材到“泛丸”（即制丸）由人工完成。其选材十分严格，珍珠选用港濂珠，不用老光珠；麝香必用“当门子”，即是指麝体下腹部腺香囊中成颗粒状者的干燥分泌物，质优价贵。采购蟾酥的时间大都在春秋雨季，直接向乡农收购，由老药工指导刮取蟾酥浆。“泛丸”则是通过成型、起模、打光等纯手工制法，使微丸具有圆整度、光亮度高及崩解速度快的特点。“泛丸”是中药的传统工艺，但要泛制成如六神丸这么小（如芥菜籽）的丸药，一般难以做到，彰显其技艺独特。其制作工序按采购、炮制、选配等步骤分解下去，制药工各司其职，相互间不允许打听。各岗完成原药后，再汇总到传人手中，由传人在一个封闭的房间里完成最后的合成。","[{'name': '劳三申', 'gender': '男', 'birth_date': '1946.09', 'ethnicity': '汉族'}]",[]
中医传统制剂方法（致和堂膏滋药制作技艺）,传统医药,江苏省江阴市,https://www.ihchina.cn/project_details/14807.html,"致和堂膏滋药是江苏省江阴市柳致和堂的传统中药产品，主要用于冬令进补。
致和堂膏滋药的特色是辨证论治，因人而异，品种多样。一是选用古代经典方和柳宝诒的验方，或适当加以调整。二是绝大多数为当代名中医经过诊断开出的处方，膏方的配药、用量，严格按照进补者所在地区、年龄、体质及病情等不同情况合理配制。膏方用药地道，采用上等药材，杜绝以次充好。不少药材从产地直接购进。在用药分量上做到足斤足量。三是严格采用传统工艺流程，膏方制作经过药料浸泡、煎煮、浓缩、收膏、存放等特定程序和严格操作过程，原料加工采用传统工艺，不添加任何化学药成分。操作全凭经验掌握。每道制作过程都由经验丰富的老药师严格检查监督。
柳宝诒是晚清名医，1890年创办柳致和堂药店，到现在已有一百多年的历史。柳致和堂药店自开设至今，虽几经改名，但从未间断应用传统制作工艺制作膏滋药。1980年恢复致和堂原名。多年来，经过师徒相传，涌现出一批全面掌握膏滋药熬制工艺的高手，江苏大众医药连锁有限公司有五十多家药店始终坚持用传统工艺制作膏滋药。","[{'name': '刘柏生', 'gender': '男', 'birth_date': '', 'ethnicity': '汉族'}]",[]
中医传统制剂方法（季德胜蛇药制作技艺）,传统医药,江苏省南通市,https://www.ihchina.cn/project_details/14808.html,"季德胜蛇药系由江苏省南通市著名蛇医专家季德胜先生祖传6代秘方发展而来的传统中成药。1954年，季德胜毅然决定把季氏家族6代人心血凝成的蛇药秘方献给人民政府，先在南通中医院小批量生产，1957年由市政府指定南通制药厂独家生产。至今五十余年从未间断。季德胜蛇药从家庭手工生产通过不断改良过渡到工业化生产，制药技艺由工序严谨的原药材前处理加工技艺和成药的后道特色工艺集合而成，制作技艺日臻完善，传统工艺的精华依然保留，产品质量不断提高，产销量稳步增大，用户遍布全国各地，并逐步进入海外市场，尤其在东南亚诸国享有较高声誉。20世纪60年代曾作为抗美援越战备物资源源不断通过胡志明小道为越南人民军和游击队疗伤解毒，中国人民解放军也将该药品作为战备用药。
目前，季德胜蛇药已收入国家基本药物目录，在全国广泛应用。",[],[]
中医传统制剂方法（朱养心传统膏药制作技艺）,传统医药,浙江省杭州市,https://www.ihchina.cn/project_details/14809.html,"朱养心传统膏药制作技艺是骨伤科外用敷贴的传统硬黑膏药制作技术，因其研制的膏药疗效显著而名震江南，是我国传统制药技术中的佼佼者。其创始人朱养心于明天启年间在古杭城胥山（今吴山）脚下开设“朱养心药室”（原称“日生堂”），专门从事骨伤科治疗，影响遍及江、浙、沪及港澳地区和东南亚国家，至今已有四百余年历史。
朱养心传统膏药目前尚保留的主打产品有朱氏狗皮膏、万灵五香膏、五香伤膏、童禄膏、消炎红膏药、清凉膏等，尤以狗皮膏最为著名。这些膏药配方独特，纯传统手工操作。严格按照选料、炸药、下丹、收膏、去毒、烊膏、摊涂、加药等十余个步骤进行，工艺繁杂、技术精湛。特别是要求掌握炼油环节中“挂丝”、“滴水成珠”，收膏“老嫩度”及摊膏中“菊花心铜锣边”等关键技术。
朱养心传统膏药制作技艺，是由传承人口传心授传承下来的，其后人一直秉承“专注伤科”的经营理念与“勤勉精进”的祖训，精心传承与保护传统膏药产品与制作技艺，不断在专科领域内做精做强、发扬光大。
朱养心传统膏药制作技艺具有杰出的中药学价值、文化价值、民俗学价值和社会价值，是祖国中药文化的宝贵遗产。由于现代生活方式的改变和西医药的普遍运用，传统膏药应用减少，其传统制作技艺面临着失传的危险，亟待加强保护。",[],[]
中医传统制剂方法（漳州片仔癀制作技艺）,传统医药,福建省漳州市,https://www.ihchina.cn/project_details/14810.html,"片仔癀始创于明嘉靖年间（1522—1566），至今已有近五百年的历史。明嘉靖三十四年（1555），明世宗的一位御医因不满朝廷，逃离京城，辗转到福建漳州，隐姓埋名，在漳州东郊璞山岩寺出家为僧并悬壶济世，用宫廷配方及独特工艺精制出既可外敷、又可内服的药锭。因其疗效显著，切一小片即可消肿退癀（“癀”是闽南方言，意为热毒肿痛），故名“片仔癀”，具有消炎、解毒、镇痛等功能，主治范围也由外科疮疡而扩大到治疗肝胆疾患。数百年来，片仔癀随漳州民众迁徙移居南洋而走向海外。
1992年，片仔癀被国家中医药管理局和国家保密局列为绝密的国家重点保护中药制剂，其处方与制作工艺至今未曾解密。",[],[]
中医传统制剂方法（夏氏丹药制作技艺）,传统医药,湖北省京山县,https://www.ihchina.cn/project_details/14812.html,"炼丹术是古人为求“长生不老”而炼制丹药的方术。中国炼丹活动起源于公元前3世纪的战国时期，在中医传统制剂基础上将药物加温升华发展为炼丹术。炼丹术所制成的药物有外用和内服两种。外用者至今还很有医疗价值，内服则由于其毒性较大而逐渐被淘汰。
炼丹一直被披上神秘色彩，其实验方术大多失传，然而在湖北，以夏大中、夏小中为代表性传人的夏氏家族至今却仍延续着这一古老的制药方法，通过烧炼矿物类药物以制造“白降丹”。夏氏炼丹术炼出的丹药是一种外用药物。
外科常用的丹药有红升丹、白降丹两种。所谓“升丹”，就是在炼丹时罐口朝上，谓之“升”；反之，罐口朝下，就是“降”，炼成的称“降丹”。白降丹具有拔毒消肿、去腐杀虫之功效。现代多用于蜂窝组织炎、慢性骨髓炎、全身各部的化脓性感染等疑难病症。
随着时代的变迁，各种先进制药工艺冲击传统的炼丹术，夏氏炼丹术面临濒危状态，亟待抢救。","[{'name': '夏小中', 'gender': '男', 'birth_date': '1958.01', 'ethnicity': '汉族'}]",[]
中医传统制剂方法（马应龙眼药制作技艺）,传统医药,湖北省武汉市武昌区,https://www.ihchina.cn/project_details/14811.html,"马应龙传统制药技艺起源于明朝万历年间的河北定州，历经14代人的传承，距今已有四百余年的历史。
当初，创始人马金堂潜心研究，摸索总结出一套独特的制药技艺，制成眼药。历经清朝、民国时期的砥砺发展，新中国成立时，马应龙第十三代传人马惠民任马应龙制药厂（后改名为“武汉第三制药厂”）厂长，在古方验方的基础上遵循传统制药技艺，生产眼药、痔疮药等多种药品。1995年，武汉第三制药厂更名为“马应龙药业股份集团有限公司”，马应龙传统制药技艺得以延续保存和弘扬。
马应龙制药技艺有其传统的特色和规范，从选材、炮制、配料到成药有一整套严格的规程，独成一家。选材唯真唯优，忌劣忌假，且所采用的药材十分名贵。在制药过程中，器皿的卫生、原料配合投放的先后顺序、药物的细度成色都要严格掌握。因春夏秋冬四季气候的不同，炮制原料的方法各有差异，对药物的盛放有苛严的要求，所使用的盛器质地各异，种类繁多。马应龙传统制药技艺对外界绝对保密，在家庭内部也只单传长子长孙，或择优相传，数百年来从未违例。
马应龙传统制药技艺流程复杂，工序细腻，堪称我国中药传统生产工艺的代表，具有独特的历史文化价值、科学开发价值和实用价值。由于现代生产技术给手工作坊式的传统制药工艺带来巨大挑战，从而引起传统工艺失传，对此应引起高度重视。",[],[]
中医传统制剂方法（罗浮山百草油制作技艺）,传统医药,广东省博罗县,https://www.ihchina.cn/project_details/14814.html,"罗浮山百草油制作技艺是以岭南地区特殊地理、气候环境为背景，采集多种地产药材，经过蒸馏、过滤、配制等工艺而制作的一种疗效显著的多用途油剂。它以中医药理论为指导，以罗浮山道家医药为源头，以岭南医药学为特色，其制成品百草油在岭南地区和海外华人中被广泛应用。
百草油处方来源于晋代医药学家葛洪。他针对罗浮山森林茂密、空气潮湿、瘴气密布的特点，采集罗浮山多种名贵草药，炼成百草油，解除民众疾苦。明代罗浮山黄龙观道士陈伯辉将百草油处方加以整理，加工定型，至今已有五百多年历史。百草油处方和技艺由罗浮山道士代代相传至20世纪初期，因战乱流落民间。20世纪五六十年代，赤脚医生叶国经等收集研制百草油技艺，并创办药厂，实现批量生产。技术人员陈新泉和廖志钟在继承传统制法的基础上，研究和优化关键工艺参数，使罗浮山百草油制作技艺不断发展和提高。
罗浮山百草油由68味中草药提取的百草精加11种植物精油配制而成。具有祛风解毒，消肿止痛、止痒的功效，适用于治疗各种风毒、湿毒、热毒、暑毒引起的一系列病症，安全性好。
罗浮山百草油是岭南地产药物的代表，具有特殊的技术价值和较高的历史价值和文化价值。它的研制、传承和发展见证了岭南地产药物的发展，对研究岭南医药和罗浮山百草文化，都有着重要意义。
近些年来，由于外国品牌的类似产品大肆涌入，罗浮山百草油的市场在萎缩，主要限于两广地区年龄稍长的人群使用，制作技艺的传承和发展面临着威胁。","[{'name': '廖志钟', 'gender': '男', 'birth_date': '', 'ethnicity': '汉族'}]",[]
中医传统制剂方法（保滋堂保婴丹制作技艺）,传统医药,广东省医药行业协会,https://www.ihchina.cn/project_details/14813.html,"保滋堂创立于清康熙八年（1669），距今已有三百多年的历史，是商务部首批认定的“中华老字号”。创始人潘务庵本着以诚信立业的理念，根据民间验方首创保滋堂保婴丹，成为治疗小儿急惊风的良药，并传承至今，远销海外。
保婴丹的处方由26味药组成，虽命名为“丹”，实际上却是散剂，特别适合治疗小儿急惊风等疾病。
由于保滋堂保婴丹坚持尊古、继承的中医制药理念，从组方、药效、剂型乃至包装，都一丝不苟，尊用古法。因此在海内外深受欢迎，被广大华侨称为“古方正药”。
保滋堂保婴丹制作技术上的另一个特点是“以蜡壳包装散剂”，有效地防止了药品受潮，便于长期保存和取用。
然而，由于种种历史原因，广州中一药业有限公司生产的保婴丹只供外销，内地市场一片空白。保滋堂保婴丹传统制作技艺在国内处境尴尬，濒临失传，亟待挖掘和保护。",[],[]
中医传统制剂方法（桐君阁传统丸剂制作技艺）,传统医药,重庆市南岸区,https://www.ihchina.cn/project_details/14815.html,"桐君阁创办于1908年（清光绪三十四年）。百年来，历代桐君阁人秉承“仁心仁术”、“草木皆春”的职业道德观，以“君子自重，蹈矩循规；业精于勤，象仪畏威”的店规古训规范员工言行。其独特的中成药制作工艺，师徒相传，精选药材、遵古炮炙、循方制药、追求疗效，药真价实，诚信经营。从最初的“前门开店、后门制药”的小作坊，逐步发展成为现已能生产12种剂型、250个品种的包括内服、外用，门类齐全的中成药生产经营企业。民间称颂“老牌桐君阁、精制中成药”。
随着社会的发展，传统中成药制作工艺正经受经济大潮的洗礼。老药师、老药工身传口授的精湛制药技艺正在消亡，更需要年轻一代制药人刻苦钻研，继承发展。","[{'name': '殷树荣', 'gender': '男', 'birth_date': '', 'ethnicity': '汉族'}]",[]
中医传统制剂方法（安宫牛黄丸制作技艺）,传统医药,北京市东城区,https://www.ihchina.cn/project_details/14816.html,,[],[]
中医传统制剂方法（安宫牛黄丸制作技艺）,传统医药,天津市南开区,https://www.ihchina.cn/project_details/14817.html,,"[{'name': '李燕钰', 'gender': '女', 'birth_date': '', 'ethnicity': '汉族'}]",[]
中医传统制剂方法（隆顺榕卫药制作技艺）,传统医药,天津市南开区,https://www.ihchina.cn/project_details/14818.html,,"[{'name': '高强', 'gender': '男', 'birth_date': '', 'ethnicity': '汉族'}]",[]
中医传统制剂方法（益德成闻药制作技艺）,传统医药,天津市红桥区,https://www.ihchina.cn/project_details/14819.html,,"[{'name': '马卫东', 'gender': '男', 'birth_date': '', 'ethnicity': '汉族'}]",[]
中医传统制剂方法（京万红软膏组方与制作技艺）,传统医药,天津市西青区,https://www.ihchina.cn/project_details/14820.html,,"[{'name': '刘文伟', 'gender': '男', 'birth_date': '', 'ethnicity': '汉族'}]",[]
中医传统制剂方法（金牛眼药制作技艺）,传统医药,河北省定州市,https://www.ihchina.cn/project_details/14821.html,,[],[]
中医传统制剂方法（安宫牛黄丸制作技艺）,传统医药,山西省太谷县,https://www.ihchina.cn/project_details/14822.html,,"[{'name': '王锋', 'gender': '男', 'birth_date': '', 'ethnicity': '汉族'}]",[]
中医传统制剂方法（点舌丸制作技艺）,传统医药,山西省新绛县,https://www.ihchina.cn/project_details/14823.html,,"[{'name': '宋石墩', 'gender': '男', 'birth_date': '', 'ethnicity': '汉族'}]",[]
中医传统制剂方法（鸿茅药酒配制技艺）,传统医药,内蒙古自治区凉城县,https://www.ihchina.cn/project_details/14824.html,,[],[]
中医传统制剂方法（平氏浸膏制作技艺）,传统医药,吉林省长春市九台区,https://www.ihchina.cn/project_details/14825.html,,[],[]
中医传统制剂方法（枇杷露传统制剂）,传统医药,黑龙江省哈尔滨市南岗区,https://www.ihchina.cn/project_details/14826.html,,"[{'name': '穆滨', 'gender': '男', 'birth_date': '', 'ethnicity': '汉族'}]",[]
中医传统制剂方法（老王麻子膏药制作技艺）,传统医药,黑龙江省哈尔滨市道外区,https://www.ihchina.cn/project_details/14827.html,,"[{'name': '王燕铭', 'gender': '男', 'birth_date': '', 'ethnicity': '汉族'}]",[]
中医传统制剂方法（方回春堂传统膏方制作技艺）,传统医药,浙江省杭州市上城区,https://www.ihchina.cn/project_details/14828.html,,"[{'name': '俞柏堂', 'gender': '男', 'birth_date': '', 'ethnicity': '汉族'}]",[]
中医传统制剂方法（二仙膏制作技艺）,传统医药,山东省济宁市任城区,https://www.ihchina.cn/project_details/14829.html,,"[{'name': '杜新磊', 'gender': '男', 'birth_date': '', 'ethnicity': '汉族'}]",[]
中医传统制剂方法（太安堂麒麟丸制作技艺）,传统医药,广东省汕头市,https://www.ihchina.cn/project_details/14830.html,,"[{'name': '柯树泉', 'gender': '男', 'birth_date': '', 'ethnicity': '汉族'}]",[]
中医传统制剂方法（昆中药传统中药制剂）,传统医药,云南省昆明市,https://www.ihchina.cn/project_details/14831.html,,"[{'name': '张元昆', 'gender': '女', 'birth_date': '', 'ethnicity': '汉族'}]",[]
中医传统制剂方法（马明仁膏药制作技艺）,传统医药,陕西省西安市碑林区,https://www.ihchina.cn/project_details/14832.html,,"[{'name': '马绪斌', 'gender': '男', 'birth_date': '', 'ethnicity': '汉族'}]",[]
中医传统制剂方法（达仁堂牛黄清心丸制作技艺）,传统医药,天津市,https://www.ihchina.cn/project_details/23831.html,,[],[]
中医传统制剂方法（宏仁堂紫雪散传统制作技艺）,传统医药,天津市红桥区,https://www.ihchina.cn/project_details/23832.html,,"[{'name': '马祥海', 'gender': '男', 'birth_date': '', 'ethnicity': '汉族'}]",[]
中医传统制剂方法（腰痛宁组方及其药物炮制工艺）,传统医药,河北省承德市,https://www.ihchina.cn/project_details/23833.html,,[],[]
中医传统制剂方法（王氏保赤丸制作技艺）,传统医药,江苏省南通市,https://www.ihchina.cn/project_details/23834.html,,"[{'name': '顾万霞', 'gender': '女', 'birth_date': '', 'ethnicity': '汉族'}]",[]
中医传统制剂方法（叶开泰传统中药制剂方法）,传统医药,湖北省武汉市,https://www.ihchina.cn/project_details/23835.html,,[],[]
中医传统制剂方法（马氏济慈堂生育药剂制作技艺）,传统医药,宁夏回族自治区吴忠市,https://www.ihchina.cn/project_details/23836.html,,[],[]
针灸,传统医药,中国中医科学院,https://www.ihchina.cn/project_details/14833.html,"针灸是我国古代劳动人民创造的一种独特的医疗方法，有着悠久的历史。几千年来，人们利用金属针具或艾炷、艾卷，在人体特定的部位进针施灸，用以治疗疾病，解除病痛，并由此创立了独具特色的人体经络腧穴理论，成为中国医学的一枝奇葩，在世界上享有盛誉。
针灸由“针”和“灸”构成，是中医学的重要组成部分之一，其内容包括针灸理论、腧穴、针灸技术以及相关器具，在形成、应用和发展的过程中，具有鲜明的中华民族文化与地域特征，是基于中华民族文化和科学传统产生的宝贵遗产。
早在新石器时代，人们就用“砭石”砭刺人体的某一部位治疗疾病。《山海经》说：“有石如玉，可以为针”，是关于石针的早期记载。灸疗的产生是在火的发现和应用后形成的，秦汉时期的《黄帝内经》说：“藏寒生满病，其治宜灸”，便是指灸术，其中详细描述了九针的形制，并大量记述了针灸的理论与技术。春秋战国时期，针灸疗法已经相当成熟，出现了不少精通针灸的医生，《史记》记载的扁鹊就是其中的代表人物之一。扁鹊被誉为“中华医祖”，他起死回生的神奇针术以及救死扶伤的动人事迹为后人世代传颂，至今在河北内丘等地还保留有纪念扁鹊的鹊王庙、鹊王祠以及各种民间传统祭祀活动。在湖南长沙马王堆汉墓出土的《足臂十一脉灸经》和《阴阳十一脉灸经》、湖北江陵张家山汉墓出土的《脉书》中均记载有经脉的循行与主病。从四川绵阳双包山西汉墓出土的一具黑漆小型木质人形，其体表正背面标有纵横方向的经脉路径，是我国迄今发现的最早的人体经脉模型实物。
到了隋唐时期，针灸学发展成为专门学科，针灸著作倍增，内容丰富多彩，针灸被正式列入国家的医学教育课程，在太医署专设有针博士、针助教、针师、针工和针生等职衔。北宋时期，医官王惟一考订腧穴主治，统一腧穴定位，撰著《铜人腧穴针灸图经》一书颁行全国，并铸造了造型逼真、构造精巧的教学工具——铜人模型，对针灸学术发展起了极大的推动和促进作用。明清以降，针灸理论继往开来，技术和器具不断改进，流派纷争，名家辈出，佳作不断，针灸疗法取得了更大的发展。
针灸在长期的医疗实践中，形成了由十四经脉、奇经八脉、十五别络、十二经别、十二经筋、十二皮部以及孙络、浮络等组成的经络理论，以及361个腧穴以及经外奇穴等腧穴与腧穴主病的知识，发现了人体特定部位之间特定联系的规律，创造了经络学说，并由此产生了一套治疗疾病的方法体系。
由于针灸疗法具有独特的优势，有广泛的适应症，疗效迅速显著，操作方法简便易行，医疗费用经济，极少副作用，远在唐代，中国针灸就已传播到日本、朝鲜、印度、阿拉伯等国家和地区，并在他国开花结果，繁衍出一些具有异域特色的针灸医学。到目前为止，针灸已经传播到世界一百四十多个国家和地区，为保障全人类的生命健康发挥了巨大的作用。
针灸是在中国历代特定的自然与社会环境中生长起来的科学文化知识，蕴含着中华民族特有的精神、思维和文化精华，涵纳着大量的实践观察、知识体系和技术技艺，凝聚着中华民族强大的生命力与创造力，是中华民族智慧的结晶，也是全人类文明的瑰宝，应该受到更好的保护与利用。","[{'name': '黄龙祥', 'gender': '男', 'birth_date': '', 'ethnicity': '汉族'}, {'name': '王雪苔', 'gender': '男', 'birth_date': '1925.12', 'ethnicity': '汉族'}]",[]
针灸,传统医药,中国针灸学会,https://www.ihchina.cn/project_details/14834.html,"针灸是我国古代劳动人民创造的一种独特的医疗方法，有着悠久的历史。几千年来，人们利用金属针具或艾炷、艾卷，在人体特定的部位进针施灸，用以治疗疾病，解除病痛，并由此创立了独具特色的人体经络腧穴理论，成为中国医学的一枝奇葩，在世界上享有盛誉。
针灸由“针”和“灸”构成，是中医学的重要组成部分之一，其内容包括针灸理论、腧穴、针灸技术以及相关器具，在形成、应用和发展的过程中，具有鲜明的中华民族文化与地域特征，是基于中华民族文化和科学传统产生的宝贵遗产。
早在新石器时代，人们就用“砭石”砭刺人体的某一部位治疗疾病。《山海经》说：“有石如玉，可以为针”，是关于石针的早期记载。灸疗的产生是在火的发现和应用后形成的，秦汉时期的《黄帝内经》说：“藏寒生满病，其治宜灸”，便是指灸术，其中详细描述了九针的形制，并大量记述了针灸的理论与技术。春秋战国时期，针灸疗法已经相当成熟，出现了不少精通针灸的医生，《史记》记载的扁鹊就是其中的代表人物之一。扁鹊被誉为“中华医祖”，他起死回生的神奇针术以及救死扶伤的动人事迹为后人世代传颂，至今在河北内丘等地还保留有纪念扁鹊的鹊王庙、鹊王祠以及各种民间传统祭祀活动。在湖南长沙马王堆汉墓出土的《足臂十一脉灸经》和《阴阳十一脉灸经》、湖北江陵张家山汉墓出土的《脉书》中均记载有经脉的循行与主病。从四川绵阳双包山西汉墓出土的一具黑漆小型木质人形，其体表正背面标有纵横方向的经脉路径，是我国迄今发现的最早的人体经脉模型实物。
到了隋唐时期，针灸学发展成为专门学科，针灸著作倍增，内容丰富多彩，针灸被正式列入国家的医学教育课程，在太医署专设有针博士、针助教、针师、针工和针生等职衔。北宋时期，医官王惟一考订腧穴主治，统一腧穴定位，撰著《铜人腧穴针灸图经》一书颁行全国，并铸造了造型逼真、构造精巧的教学工具——铜人模型，对针灸学术发展起了极大的推动和促进作用。明清以降，针灸理论继往开来，技术和器具不断改进，流派纷争，名家辈出，佳作不断，针灸疗法取得了更大的发展。
针灸在长期的医疗实践中，形成了由十四经脉、奇经八脉、十五别络、十二经别、十二经筋、十二皮部以及孙络、浮络等组成的经络理论，以及361个腧穴以及经外奇穴等腧穴与腧穴主病的知识，发现了人体特定部位之间特定联系的规律，创造了经络学说，并由此产生了一套治疗疾病的方法体系。
由于针灸疗法具有独特的优势，有广泛的适应症，疗效迅速显著，操作方法简便易行，医疗费用经济，极少副作用，远在唐代，中国针灸就已传播到日本、朝鲜、印度、阿拉伯等国家和地区，并在他国开花结果，繁衍出一些具有异域特色的针灸医学。到目前为止，针灸已经传播到世界一百四十多个国家和地区，为保障全人类的生命健康发挥了巨大的作用。
针灸是在中国历代特定的自然与社会环境中生长起来的科学文化知识，蕴含着中华民族特有的精神、思维和文化精华，涵纳着大量的实践观察、知识体系和技术技艺，凝聚着中华民族强大的生命力与创造力，是中华民族智慧的结晶，也是全人类文明的瑰宝，应该受到更好的保护与利用。","[{'name': '张缙', 'gender': '男', 'birth_date': '', 'ethnicity': '汉族'}, {'name': '田从豁', 'gender': '男', 'birth_date': '', 'ethnicity': '汉族'}, {'name': '石学敏', 'gender': '男', 'birth_date': '', 'ethnicity': '汉族'}, {'name': '李鼎', 'gender': '男', 'birth_date': '', 'ethnicity': '汉族'}, {'name': '郭诚杰', 'gender': '男', 'birth_date': '', 'ethnicity': '汉族'}, {'name': '贺普仁', 'gender': '男', 'birth_date': '1926.05', 'ethnicity': '汉族'}]",[]
针灸（刘氏刺熨疗法）,传统医药,重庆市渝中区,https://www.ihchina.cn/project_details/14835.html,"刘氏刺熨疗法属重庆刘氏家族的医术，自清顺治年间刘氏先祖从湖广迁来重庆之时始，迄今约三百五十年，传承了十五代。
刘氏刺熨疗法包括刺血术和火熨术两大类别。刺血术包括放痧法、刮痧法、揪痧法、挑疳法、药针法、火针法、放血法、双针一罐法等。火熨术包括滚蛋法、烧灯火、扑灰碗、趟热敷、滚药包、黄蜡灸、火酒法、艾灸法等。
刘氏刺熨疗法有理论依据，专科疗效，临床针对性以及操作隐秘性和药材地源性等显著特征，是中国民间医术的一个重要组成部分，是非常有效的民间医术绝活。发掘、抢救、保护刘氏刺熨疗法，既有重要的学术研究价值，又有鲜明的实际应用价值。而其家族内部口传心授的传承方式决定了该疗法的传承不广，随时都有可能断裂传承链条，亟待国家保护。","[{'name': '刘光瑞', 'gender': '男', 'birth_date': '1956.05', 'ethnicity': '汉族'}]",[]
针灸（陆氏针灸疗法）,传统医药,上海市,https://www.ihchina.cn/project_details/14836.html,"陆氏针灸疗法是以陆瘦燕为代表的陆氏针灸流派的针灸学术思想和学术经验的总结。
陆氏针灸疗法产生于清末民初，是我国近现代国内外影响最大的针灸流派之一，在其形成与发展的过程中最关键的人物是陆瘦燕。陆瘦燕生父李培卿（师承陈慕兰），素有“神针”之誉。陆瘦燕幼承庭训，18岁即学成悬壶济世，不久蜚声上海。在继承、普及、发扬、提高针灸医学事业中建树颇丰。目前，陆瘦燕直系门人均年事已高，后继乏人，陆氏针灸疗法的应用及研究情况濒危。
陆氏针灸在学术上融会贯通、自成体系；在医疗上针术精湛、效若浮鼓，蜚声海内外，形成了独特的医疗风格，其针灸医学的建树主要包括：1.潜心钻研，完善针灸理论；2.注重切脉，提高诊断准确性；3.倡用奇法，提高临床疗效；4.国内最早开展针刺手法实验研究，促进针灸科学的发展；5.提倡温针、伏针伏灸，冬病夏治，影响深远；6.改良针具，创制“瘦燕式”金银质毫针及不锈钢毫针；7.创办“新中国针灸学社”及函授班，以师承和学校教学两种方式培养大批人才；8.创制经络腧穴电动玻璃教学模型，最早为针灸经络教学提供现代化的直观教具；9.著书立说，传播学术思想，在国内外针灸界具有重要影响。","[{'name': '陆焱垚', 'gender': '女', 'birth_date': '', 'ethnicity': '汉族'}]",[]
针灸（杨继洲针灸）,传统医药,浙江省衢州市,https://www.ihchina.cn/project_details/14837.html,,"[{'name': '金瑛', 'gender': '男', 'birth_date': '', 'ethnicity': '汉族'}]",[]
针灸（蕲春艾灸疗法）,传统医药,湖北省黄冈市蕲春县,https://www.ihchina.cn/project_details/23837.html,,"[{'name': '陈秀华', 'gender': '女', 'birth_date': '', 'ethnicity': '汉族'}, {'name': '韩善明', 'gender': '男', 'birth_date': '', 'ethnicity': '汉族'}]",[]
针灸（岭南陈氏针法）,传统医药,广东省,https://www.ihchina.cn/project_details/23838.html,,"[{'name': '陈秀华', 'gender': '女', 'birth_date': '', 'ethnicity': '汉族'}, {'name': '韩善明', 'gender': '男', 'birth_date': '', 'ethnicity': '汉族'}]",[]
针灸（赵氏雷火灸）,传统医药,重庆市渝中区,https://www.ihchina.cn/project_details/23839.html,,"[{'name': '杨金生', 'gender': '男', 'birth_date': '', 'ethnicity': '汉族'}, {'name': '程红锋', 'gender': '男', 'birth_date': '', 'ethnicity': '汉族'}, {'name': '赵时碧', 'gender': '女', 'birth_date': '', 'ethnicity': '汉族'}]",[]
针灸（程氏针灸）,传统医药,中国中医科学院,https://www.ihchina.cn/project_details/23840.html,,"[{'name': '杨金生', 'gender': '男', 'birth_date': '', 'ethnicity': '汉族'}, {'name': '程红锋', 'gender': '男', 'birth_date': '', 'ethnicity': '汉族'}, {'name': '赵时碧', 'gender': '女', 'birth_date': '', 'ethnicity': '汉族'}]",[]
中医正骨疗法,传统医药,中国中医科学院,https://www.ihchina.cn/project_details/14838.html,"中医正骨疗法是通过拔伸、复位、对正等手法，采用小夹板外固定方式，治疗骨折、关节脱位等运动系统疾病的一种治疗方法。它是中国传统医学的重要组成部分，距今已有三千多年的历史。早在周代，医疗分工上已有专人掌管骨科疾病的治疗，秦汉时期形成基本理论和技术，世代传承，如《肘后备急方》、《仙授理伤续断秘方》、《千金要方》、《医宗金鉴》中有大量记载。
中医正骨在长期的医疗实践中，形成了一套独特的理论体系和完整的治疗原则及方法，积累了非常丰富的经验。正骨术中的“小夹板固定”属于中国首创，其后被许多国家效仿。中医正骨术堪称中国传统医学对世界医学的伟大贡献之一。
中医这些简便廉验的疗法在长期的医疗实践活动中为中华民族的健康做出了巨大的贡献，长期流传并不断传承发展。其中有些有文献记载，有些只在民间口耳相传得以延续。然而，由于受经济利益的驱使，目前不少医院、甚至中医院已基本放弃了这一疗法，正宗的正骨术只在北派、南派的不到十家医院中传承着。中医正骨疗法的传承陷入困境，举步维艰。为继承中医正骨这一中华传统医术，应尽快采取有效措施加以保护。并积极开展相关学术研究与政策研究，以促进正骨术的继承和发展。","[{'name': '朱立国', 'gender': '男', 'birth_date': '', 'ethnicity': '汉族'}, {'name': '施杞', 'gender': '男', 'birth_date': '1937.08', 'ethnicity': '汉族'}, {'name': '孙树椿', 'gender': '男', 'birth_date': '1939.07.01', 'ethnicity': '汉族'}, {'name': '郭维淮', 'gender': '男', 'birth_date': '1929.08', 'ethnicity': '汉族'}]",[]
中医正骨疗法（宫廷正骨）,传统医药,北京市护国寺中医医院,https://www.ihchina.cn/project_details/14839.html,"中医正骨疗法又名“伤科”或“骨伤科”。在古代农业社会，骨伤的发病率很高，是一种常见病和多发病；而当时医疗条件很差，农村边寨交通闭塞，一旦发生骨折，求治十分困难，于是实践出真知，需求出人才，一些大一点的村落和城镇，几乎都会出现一两个医治骨伤的土医生和土办法，正骨疗法成为我国分布广泛、流派纷呈的一种中医疗法。
中医正骨疗法的特点，表现在三个方面。一是对骨的生理和骨伤病理按中医理论有独到的认识，二是手法的妙用，三是药物的特色，这三点结合在一起常常形成一种独特的疗法和某个著名的流派。随着社会的发展和学术交流的广泛深入，中医骨伤疗法有一种趋同倾向，但某些著名伤科专家和著名伤科流派的地域特色、手法特色和用药特色依然存在，与西医骨伤科相比较，中国正骨疗法仍有其独特的优势。
宫廷正骨是以清代上驷院绰班处正骨科为基础，针对跌打损伤等骨科疾患，以手法治疗为主，辅以中医中药及中医器具的纯中医治疗体系。通过五代宫廷御医及现代医师的不断继承和发展，形成了独有的学术流派。
宫廷正骨的主要手法特点是“机触于外，巧生于内，手随心转，法从手出”。法之所施，重而不滞，轻而不浮，“使患者不知其苦，方称为手法也”。宫廷正骨手法在治疗骨折方面，强调“正、整、接、实”的治疗思想；在治疗筋伤方面，最主要的特点是“轻、柔、透、巧”。
宫廷正骨体系中所使用的实物分为内服中药类（如跌打紫金丹、健骨止疼丸等）、外用中药类（如骨科熥药、跌打万应膏等）和外用器械类（如元书纸排子）。
清末御医夏锡五传人、北京中医药大学附属护国寺中医医院吴定寰教授继承并发扬了宫廷正骨的学术思想及文化精髓，广泛结合临床实际，取得了良好的临床疗效和社会效益。欲使这一传统中医疗法冲破单线、单薄的家族传承链条而发扬光大，必须加以保护。","[{'name': '刘钢', 'gender': '男', 'birth_date': '1952.11', 'ethnicity': '汉族'}]",[]
中医正骨疗法（罗氏正骨法）,传统医药,北京市朝阳区,https://www.ihchina.cn/project_details/14840.html,"中医正骨疗法又名“伤科”或“骨伤科”。在古代农业社会，骨伤的发病率很高，是一种常见病和多发病；而当时医疗条件很差，农村边寨交通闭塞，一旦发生骨折，求治十分困难，于是实践出真知，需求出人才，一些大一点的村落和城镇，几乎都会出现一两个医治骨伤的土医生和土办法，正骨疗法成为我国分布广泛、流派纷呈的一种中医疗法。
中医正骨疗法的特点，表现在三个方面。一是对骨的生理和骨伤病理按中医理论有独到的认识，二是手法的妙用，三是药物的特色，这三点结合在一起常常形成一种独特的疗法和某个著名的流派。随着社会的发展和学术交流的广泛深入，中医骨伤疗法有一种趋同倾向，但某些著名伤科专家和著名伤科流派的地域特色、手法特色和用药特色依然存在，与西医骨伤科相比较，中国正骨疗法仍有其独特的优势。
罗氏正骨法传承至今已有三百余年的历史。罗氏中医正骨以手法治疗复位扶正、接骨、续筋、固定和用药的独到之处与西方医学骨科相比有很多超越性的优势，是中国传统医药学骨伤科方面的典型代表，其本身就是中医悠久历史的文化载体，具有很高的历史认识价值和医学研究价值，加强对它的保护和传承工作对弘扬民族传统文化，促进传统中医骨伤科的发展有极其重要的意义。
作为罗氏正骨法的重要传人和杰出代表，罗有明乐善好施、救死扶伤、不求名利的高尚医德同高超的医术得到了世人的广泛认可，被誉为“接骨圣手”、“骨伤科圣手”、“仁心圣手”、“良医仁心”。时过境迁，现在的罗氏正骨法和罗有明中医骨伤科医院面临着前所未有的困难和压力，急需国家保护。","[{'name': '罗素兰', 'gender': '女', 'birth_date': '', 'ethnicity': '汉族'}, {'name': '罗金殿', 'gender': '男', 'birth_date': '1931.02.28', 'ethnicity': '汉族'}]",[]
中医正骨疗法（石氏伤科疗法）,传统医药,上海市黄浦区,https://www.ihchina.cn/project_details/14841.html,"中医正骨疗法又名“伤科”或“骨伤科”。在古代农业社会，骨伤的发病率很高，是一种常见病和多发病；而当时医疗条件很差，农村边寨交通闭塞，一旦发生骨折，求治十分困难，于是实践出真知，需求出人才，一些大一点的村落和城镇，几乎都会出现一两个医治骨伤的土医生和土办法，正骨疗法成为我国分布广泛、流派纷呈的一种中医疗法。
中医正骨疗法的特点，表现在三个方面。一是对骨的生理和骨伤病理按中医理论有独到的认识，二是手法的妙用，三是药物的特色，这三点结合在一起常常形成一种独特的疗法和某个著名的流派。随着社会的发展和学术交流的广泛深入，中医骨伤疗法有一种趋同倾向，但某些著名伤科专家和著名伤科流派的地域特色、手法特色和用药特色依然存在，与西医骨伤科相比较，中国正骨疗法仍有其独特的优势。
石氏伤科疗法为石兰亭于1880年所创，熔传统武术整骨手法与中医内治调理方法于一炉，是中医骨伤科独特的诊治方法，发展至今已传承五代。
石氏伤科以“十三科一理以贯之”的中医理念运用于中医骨伤科，极具我国传统医药文化的价值。石氏伤科在理论上重视整体观念，强调气血兼顾、内外结合，创立了“三十二字治病思想”。在诊治上强调筋骨损伤，三期治疗；内伤症治，需辨脏腑气血；陈伤劳损，审因度势。在手法上，强调“稳而有劲、柔而灵活、细而正确”的准则，总结十二字为用，即“拔伸捺正、拽搦端提、按揉摇抖”。在用药上，重视方随症变、药随病异，并通过长期的实践积累总结出了三色敷药、消散膏、麒麟散、新伤续断汤等一系列名方验方。
由于西医手术的冲击，中医伤科特别是最具特色的手法操作等非药物疗法日趋萎缩；因中药成药的开发要求和西药研制一样标准，使得不少中医药制法疗法湮没不彰。在此状况下，石氏伤科陷入了后继乏人、后继乏术的困境，急需加强保护。","[{'name': '石仰山', 'gender': '男', 'birth_date': '1931.03', 'ethnicity': '汉族'}]",[]
中医正骨疗法（平乐郭氏正骨法）,传统医药,河南省洛阳市,https://www.ihchina.cn/project_details/14842.html,"中医正骨疗法又名“伤科”或“骨伤科”。在古代农业社会，骨伤的发病率很高，是一种常见病和多发病；而当时医疗条件很差，农村边寨交通闭塞，一旦发生骨折，求治十分困难，于是实践出真知，需求出人才，一些大一点的村落和城镇，几乎都会出现一两个医治骨伤的土医生和土办法，正骨疗法成为我国分布广泛、流派纷呈的一种中医疗法。
中医正骨疗法的特点，表现在三个方面。一是对骨的生理和骨伤病理按中医理论有独到的认识，二是手法的妙用，三是药物的特色，这三点结合在一起常常形成一种独特的疗法和某个著名的流派。随着社会的发展和学术交流的广泛深入，中医骨伤疗法有一种趋同倾向，但某些著名伤科专家和著名伤科流派的地域特色、手法特色和用药特色依然存在，与西医骨伤科相比较，中国正骨疗法仍有其独特的优势。
洛阳正骨是治疗骨伤疾病的民间中医疗法，又称“平乐郭氏正骨”、“平乐正骨”、“白马寺正骨”。洛阳正骨源于洛阳市孟津县平乐村郭氏家族，形成于清代嘉庆年间。郭家世代居家乡行医，族内秘传，其后的几代传人都秉承祖训，致力于中医骨伤医学的发展、创新，使源远流长的平乐正骨由治病救人的民间朴素医技上升为造福人类的中华骨伤科学。新中国成立前盛传五世，以疗效独特、医德高尚而闻名。
经过二百余年历代传人的实践和创新，洛阳正骨成为我国中医骨伤科最大学术流派，形成了一套完整的正骨理论和方法，即三原则（整体辨症、筋骨并重、内外兼治）、四方法（治伤手法、固定方法、药物治疗、康复锻炼），具有与中医事业相依存及传奇性、科学性、系统性、实用性、传播范围广等特点。
1985年，平乐郭氏正骨法第五代传人、郑州市骨科医院前院长郭春园创办了深圳平乐骨伤科医院。郭春园撰写了《平乐郭氏正骨法》和《世医正骨从新》。他大力发展、传播平乐正骨医术，二十多年来他和他的弟子、学生在深圳救治了上百万名骨伤科病人。平乐郭氏正骨法以特色鲜明、内涵丰富、理论系统、疗效独特、技术领先的优势及其所秉承的“医者父母心”的医德医风，受到海内外医学界的广泛关注，成为国内业界公认的骨伤科重要流派，具有很高的医学价值和传统文化价值。
平乐郭氏正骨法，保留着儒家、道家思想的印记，是值得我们认真研究、倾力保护的非物质文化遗产，该流派现今与其他中医中药一样面临发展困境，急需保护。","[{'name': '郭珈宜', 'gender': '女', 'birth_date': '', 'ethnicity': '汉族'}, {'name': '郭艳幸', 'gender': '女', 'birth_date': '', 'ethnicity': '汉族'}, {'name': '郭艳锦', 'gender': '女', 'birth_date': '1949.11', 'ethnicity': '汉族'}]",[]
中医正骨疗法（平乐郭氏正骨法）,传统医药,广东省深圳市,https://www.ihchina.cn/project_details/14843.html,"中医正骨疗法又名“伤科”或“骨伤科”。在古代农业社会，骨伤的发病率很高，是一种常见病和多发病；而当时医疗条件很差，农村边寨交通闭塞，一旦发生骨折，求治十分困难，于是实践出真知，需求出人才，一些大一点的村落和城镇，几乎都会出现一两个医治骨伤的土医生和土办法，正骨疗法成为我国分布广泛、流派纷呈的一种中医疗法。
中医正骨疗法的特点，表现在三个方面。一是对骨的生理和骨伤病理按中医理论有独到的认识，二是手法的妙用，三是药物的特色，这三点结合在一起常常形成一种独特的疗法和某个著名的流派。随着社会的发展和学术交流的广泛深入，中医骨伤疗法有一种趋同倾向，但某些著名伤科专家和著名伤科流派的地域特色、手法特色和用药特色依然存在，与西医骨伤科相比较，中国正骨疗法仍有其独特的优势。
洛阳正骨是治疗骨伤疾病的民间中医疗法，又称“平乐郭氏正骨”、“平乐正骨”、“白马寺正骨”。洛阳正骨源于洛阳市孟津县平乐村郭氏家族，形成于清代嘉庆年间。郭家世代居家乡行医，族内秘传，其后的几代传人都秉承祖训，致力于中医骨伤医学的发展、创新，使源远流长的平乐正骨由治病救人的民间朴素医技上升为造福人类的中华骨伤科学。新中国成立前盛传五世，以疗效独特、医德高尚而闻名。
经过二百余年历代传人的实践和创新，洛阳正骨成为我国中医骨伤科最大学术流派，形成了一套完整的正骨理论和方法，即三原则（整体辨症、筋骨并重、内外兼治）、四方法（治伤手法、固定方法、药物治疗、康复锻炼），具有与中医事业相依存及传奇性、科学性、系统性、实用性、传播范围广等特点。
1985年，平乐郭氏正骨法第五代传人、郑州市骨科医院前院长郭春园创办了深圳平乐骨伤科医院。郭春园撰写了《平乐郭氏正骨法》和《世医正骨从新》。他大力发展、传播平乐正骨医术，二十多年来他和他的弟子、学生在深圳救治了上百万名骨伤科病人。平乐郭氏正骨法以特色鲜明、内涵丰富、理论系统、疗效独特、技术领先的优势及其所秉承的“医者父母心”的医德医风，受到海内外医学界的广泛关注，成为国内业界公认的骨伤科重要流派，具有很高的医学价值和传统文化价值。
平乐郭氏正骨法，保留着儒家、道家思想的印记，是值得我们认真研究、倾力保护的非物质文化遗产，该流派现今与其他中医中药一样面临发展困境，急需保护。",[],[]
中医正骨疗法（武氏正骨疗法）,传统医药,山西省高平市,https://www.ihchina.cn/project_details/14844.html,"山西武氏正骨疗法是传统中医骨伤科疗法之一，源于清末，迄今已有百年历史。奠基人武根定（1886—1957）12岁在山西省沁水县白云寺牧羊时拜一老和尚为师，学得正骨技术和“唾骨正骨法”。1945年高平解放后，曾被聘为“高平县三区医生研究所”成员。1957年去世后，第二代传人武承谋继承祖传，于1969年6月在马村掌握村创立“马村镇掌握村卫生所骨科”；1976年1月成立“马村镇掌握村正骨医院”；1993年3月更名为“高平市武氏正骨医院”；1994年7月由第三代传人武天宝在高平市内开设“高平市武氏正骨医院友谊街分院”；2000年12月更名为“高平市武承谋骨伤专科医院”。
经过几代人的不懈努力和不断发展，武氏正骨形成了自己的独特正骨技术和学术专长。武氏正骨总纲为“一次整复，多次矫正，持续牵引，定期调整”。其特色为“手法整复，牵引加小夹板固定为主；内服三期中药为辅；以推拿按摩舒筋手法恢复后期功能善后”。武氏的正骨手法心诀：“摸之心要准，按之手如戥，拽之力要当，捏之手要稳，转之松（灵）巧，合之功要真。”武氏正骨根据骨伤患者的具体情况，采用的正骨整复手法有“问号法”、“提拉法”、“颈膝牵引法”、“坐位牵引法”以及“双拇指按压法”等。内服中药“武氏接骨方”。
武氏正骨是中华医学骨伤科中的一个支流，从其产生到现在一直在当地发挥着重要的作用。目前，面临传承困境，急需保护。","[{'name': '武承谋', 'gender': '男', 'birth_date': '1936.06', 'ethnicity': '汉族'}]",[]
中医正骨疗法（张氏骨伤疗法）,传统医药,浙江省富阳市,https://www.ihchina.cn/project_details/14845.html,"张氏中医骨伤疗法是浙江富阳人氏张永积在清道光年间创立的，以手法整复、杉树皮夹板外固定、百草伤膏治疗为特色。
自张永积（1788—1862）始创张氏中医骨伤科，距今已有一百七十余年历史。至第四代传人张绍富（1922—1992）、第五代传人张玉柱（1948—），张氏中医骨伤疗法逐步形成了“整体辨证、手法整复、杉皮固定、内外兼治、筋骨并重、动静结合、功能锻炼”为特点的骨伤诊疗体系，正骨手法独特，中医药特色明显，大幅降低了治疗费用，社会效益显著。
张绍富曾任浙江省名老中医及中国中医科学院骨伤研究所客座研究员，张玉柱主任中医师为第四批全国老中医药专家学术继承指导老师、浙江省名中医，他们通过“师带徒”的形式培养了一批弟子，使张氏中医骨伤疗法得到传承与发展。但其治疗的精髓如手法正骨技术，非经三五年学习才能够充分掌握；杉树皮夹板应用受杉树的生长分布影响，具有一定的地域局限性和不可持续性；这些都急需得到国家的扶持与保护。","[{'name': '张玉柱', 'gender': '男', 'birth_date': '1947.12', 'ethnicity': '汉族'}]",[]
中医正骨疗法（章氏骨伤疗法）,传统医药,浙江省台州市,https://www.ihchina.cn/project_details/14846.html,"章氏骨伤科始创于清道光三年（1823），至今已一百八十余年。章氏传承7代，在手法正骨、中药内服外敷、杉树皮固定治疗风湿痹痛、骨折筋伤等骨伤疾病方面独树一帜。
清道光初年，章正传得云游武僧传授伤科，以外疗为主。道光末年，其子章如奎在黄岩开设保春堂伤科。至第三代传人章玉堂，总结出一套内外兼治的理、法、方、药，以中草药和祖传的指法点穴相结合治疗软组织损伤，对创伤病人，用儿茶煎汤冲洗清疮，珍珠散生肌收口。第五代传人章显法，融合现代科技，使传统骨伤疗法得到跃升。章氏骨伤疗法的特点是：
1.注重整体观，重视内脏气血关系，重视摸诊，强调手摸心会。
2.强调筋骨并重。应用独特的点穴理筋手法，总结出“正骨十法”即“手摸心会、拔伸牵引、旋转屈伸、端提挤按、摇摆触碰、夹挤分骨、折顶回旋、按摩推拿和点穴理筋”，手法柔和、轻巧、沉稳、准确，达到“法之所施，病人知痛骨已拢”的境界。
3.杉树皮夹板，从选材到固定有严格要求，完善了制作流程，具有便、简、轻、不易过敏、可塑性强、可透X线等特点，利于早期功能锻炼，配用自制药膏消肿、固定，促进骨折愈合。
4.章氏骨伤疗法源于浙江东南，多山沿海，湿气重，章氏中草药内服外敷具有祛淤止痛、温经通络、促进骨折愈合的作用，针对沿海的湿邪有独特疗效。
章氏骨伤疗法传承人年逾古稀或年近花甲，急需培养接班人，摆脱后继乏人的困境。拯救传统的章氏骨伤疗法迫在眉睫。","[{'name': '章允志', 'gender': '男', 'birth_date': '', 'ethnicity': '汉族'}, {'name': '章岩友', 'gender': '男', 'birth_date': '', 'ethnicity': '汉族'}]",[]
中医正骨疗法（林氏骨伤疗法）,传统医药,福建省福州市仓山区,https://www.ihchina.cn/project_details/14847.html,"林氏骨伤世家祖居福州市仓山区盖山镇的盘屿乡，其始祖是闻名八闽的林达年。林达年（1837—1913）从家乡的高盖山上鹤巢寺长老铁珠和尚处学到少林功夫和骨伤科医术，经过多年不断学习、实践，医术大进，遂成为当时福州的一代骨伤名医。
林达年将骨伤医术传给子孙，其中以其孙子林如高最为出色。林如高全面继承并发展了林氏中医骨伤医术，几十年如一日，治愈骨伤病人不计其数。在“文革”中，罗瑞卿将军惨遭迫害，腿部致伤，1975年来福州请林如高治疗。经一年多精心治疗，罗将军的腿伤明显好转。此外他还为王震、万里、叶飞等中央领导人治愈过骨伤病，因此名噪京城。
林氏中医骨科医术对骨伤各种疾患的诊断、复位、固定、练功以及内外用药等方面均有独特之处，其学术思想和临床经验主要体现在：1.辩证治疗骨伤，注重手法整复。2.究本溯源，善治筋伤。3.阐发痹证病因，崇尚辩证论治。4.论述痿证病因病机，主张治痿独取阳明。
遵照周恩来总理关于要“把林如高的医疗经验整理出来，留给后代，为人民服务”的指示，福建省卫生厅先后派人整理林如高正骨经验。1977年出版了《林如高骨伤验方歌诀方解》、《练功三十六法》、《林如高骨伤敷药法》、《骨伤资料选编》以及学术论文八十多篇。","[{'name': '林子顺', 'gender': '男', 'birth_date': '', 'ethnicity': '汉族'}]",[]
中医正骨疗法（海城苏氏正骨）,传统医药,辽宁省海城市,https://www.ihchina.cn/project_details/14848.html,,"[{'name': '苏继承', 'gender': '男', 'birth_date': '', 'ethnicity': '汉族'}]",[]
中医正骨疗法（上海石氏伤科疗法）,传统医药,上海市,https://www.ihchina.cn/project_details/14849.html,,"[{'name': '詹红生', 'gender': '男', 'birth_date': '', 'ethnicity': '汉族'}, {'name': '石印玉', 'gender': '男', 'birth_date': '', 'ethnicity': '汉族'}]",[]
中医正骨疗法（新泰孟氏正骨疗法）,传统医药,山东省新泰市,https://www.ihchina.cn/project_details/14850.html,,[],[]
中医正骨疗法（新邵孙氏正骨术）,传统医药,湖南省新邵县,https://www.ihchina.cn/project_details/14851.html,,"[{'name': '廖怀章', 'gender': '男', 'birth_date': '', 'ethnicity': '汉族'}]",[]
中医正骨疗法（三空李氏正骨）,传统医药,内蒙古自治区呼和浩特市,https://www.ihchina.cn/project_details/23841.html,,"[{'name': '李涛', 'gender': '男', 'birth_date': '', 'ethnicity': '汉族'}]",[]
中医正骨疗法（魏氏伤科疗法）,传统医药,上海市,https://www.ihchina.cn/project_details/23842.html,,"[{'name': '李飞跃', 'gender': '男', 'birth_date': '', 'ethnicity': '汉族'}]",[]
中医正骨疗法（施氏伤科疗法）,传统医药,上海市黄浦区,https://www.ihchina.cn/project_details/23843.html,,[],[]
中医正骨疗法（徐氏中医正骨）,传统医药,山东省滨州市沾化区,https://www.ihchina.cn/project_details/23844.html,,"[{'name': '徐泽三', 'gender': '男', 'birth_date': '', 'ethnicity': '汉族'}]",[]
中医正骨疗法（燕青门正骨疗法）,传统医药,重庆市江北区,https://www.ihchina.cn/project_details/23845.html,,"[{'name': '朱怀宇', 'gender': '男', 'birth_date': '', 'ethnicity': '汉族'}]",[]
中医正骨疗法（朱氏正骨术）,传统医药,陕西省渭南市富平县,https://www.ihchina.cn/project_details/23846.html,,"[{'name': '朱龙', 'gender': '男', 'birth_date': '', 'ethnicity': '汉族'}]",[]
同仁堂中医药文化,传统医药,中国北京同仁堂（集团）有限责任公司,https://www.ihchina.cn/project_details/14852.html,"北京同仁堂是中国传统医药中闻名遐迩的老字号，始建于1669年，至今已有337年历史。同仁堂从1723年开始“承办官药”直至1911年，在长达188年时间里，同仁堂遵照皇家挑选药材标准、恪守皇宫秘方和制药方法，形成一套严格的质量监督制度，同仁堂与清宫太医院、御药房之间有机的融合和影响，形成了同仁堂中药的特殊风格和传统知识。
同仁堂中医药文化集中体现在“同修仁德，济世养生”的价值观，“炮炙虽繁必不敢省人工，品味虽贵必不敢减物力”的质量观和“讲信义，重人和”的经营理念，“童叟无欺，一视同仁”的职业道德，以及同仁堂的品牌和特有标记，《乐氏世代祖传丸散膏丹下料配方》和《同仁堂虔修诸门应症丸散膏丹总目》，同仁堂传统中药炮制技术，同仁堂的制药特色即传统中医药与宫廷制药的融合，概括为“处方独特、选料上乘、工艺精湛、疗效显著”。
但是，受西方现代化的影响，同仁堂原有的传统中药炮制技术和制药特色面临着生存发展的困境，传统的制药方法受到束缚，独特的技术面临流失的风险。同仁堂为保护这一优秀的传统文化做着不懈努力，并亟待得到全社会的尊重和保护。","[{'name': '赵小刚', 'gender': '男', 'birth_date': '', 'ethnicity': '汉族'}, {'name': '田瑞华', 'gender': '男', 'birth_date': '1960', 'ethnicity': '汉族'}, {'name': '关庆维', 'gender': '男', 'birth_date': '1960.11.30', 'ethnicity': '汉族'}, {'name': '金霭英', 'gender': '女', 'birth_date': '1940.08', 'ethnicity': '满族'}, {'name': '卢广荣', 'gender': '女', 'birth_date': '1937.2.14', 'ethnicity': '汉族'}]","[{'title': '老字号里话非遗：同仁堂中医药文化', 'content': '编者按：中华文明世代相传，创造了丰富的商业文化。老字号作为我国传统商业文化遗产的重要载体，广泛分布在餐饮、零售、食品、医药、居民服务等众多行业，其拥有的专有品牌、传统技艺、经营理念和文化内涵，不仅是我国优秀传统文化的集中体现，也是非物质文化遗产的组成部分。\n“老字号里话非遗”系列专题将聚焦国家级非物质文化遗产名录中涉及的中华老字号及其相关内容，详细介绍这些老字号所具有的悠久历史传统，深入挖掘其背后蕴含的深厚文化内涵，展示特色技艺，解读品牌精神，让读者进一步了解这些承载着中华民族工匠精神和优秀传统文化的老字号非物质文化遗产，从而提高全社会的保护传承意识。\n同仁堂是我国传统中医药行业中闻名遐迩的老字号，创建于清朝康熙八年（1669年），至今已有300多年历史，自康熙年间至清末的188年间，负责皇家御药供奉。历代同仁堂人遵照皇家挑选药材标准、恪守皇宫秘方和制药方法，形成一套严格的质量监督制度。同仁堂与清宫太医院、御药房之间有机融合、相互影响，形成了同仁堂中医药的特殊风格和传统文化体系。\n作为中国传统医药文化的典型代表，2006年，“同仁堂中医药文化”入选第一批国家级非物质文化遗产名录。\n图1：同仁堂铺面\n一、风雨百载\n（一）从铃医到金字招牌\n明朝永乐年间，浙江郎中乐良才迁居北京，以铃医为业。其重孙乐显扬，于1669年在北京立下“同仁堂”招牌一块，上有“康熙己酉”字样，同仁堂正式成立。\n1702年，乐显扬之子乐凤鸣在北京前门外大栅栏开设同仁堂药铺，设店卖药，同仁堂进入一个新的发展阶段。后经发展，声名日盛。\n（二）御药供奉史\n由于同仁堂配售药品疗效显著，声誉与日俱增，博得了朝廷赏识。清雍正元年（1723年）钦命同仁堂供奉御药,一直到1911年，历经八代皇帝，时间长达188年。\n图2：与同仁堂相关的清宫御药房档案\n自清乾隆十八年（1753年），同仁堂开始了典让、租赁、合资的历史，逐渐由乐氏独资企业变为合股企业。至清道光二十三年（1843年），同仁堂回到乐氏第十代传人乐平泉手中，再次成为乐氏独资企业。乐平泉去世后，由其四子共管同仁堂，直至公私合营。\n（三）近代风云\n1954年，同仁堂响应号召，率先实行公私合营。1979年，同仁堂厂、店牌号得以恢复。1992年，中国北京同仁堂集团公司组建成立，标志着同仁堂进入现代化公司制管理阶段，后改制为国有独资的中国北京同仁堂（集团）有限责任公司。\n图3：1956年1月15日，同仁堂经理乐松生代表北京市工商联给毛泽东主席送喜报，报告北京市私营企业全面实行公私合营\n自1669年同仁堂创立至今的三百多年间，历经朝代更迭、世事变幻，同仁堂以其独特的文化和坚强的信念，屹立于中国传统医药界，成为行业典范和精神楷模。\n二、医药文化\n在长久的历史发展中，同仁堂逐步形成了自己独特的医药文化，坚守“同修仁德，济世养生”的价值观，恪守“炮制虽繁必不敢省人工，品味虽贵必不敢减物力”的古训，造就了制药过程中兢兢小心、精益求精的严细精神。其产品以“处方独特、选料上乘、工艺精湛、疗效显著”而享誉海内外，产品行销众多国家和地区。\n图4：同仁堂生产人员正在手工搓制安宫牛黄丸\n（一）“同修仁德，济世养生”的价值观\n创业之初，乐显扬提出：“‘同仁’二字可以命堂名，吾爱其公而雅，须誌之。”清朝时期，冬办粥厂，夏送暑药，是同仁堂的惯例。1867年，同仁堂建立了中国最早的民营消防队“同仁堂普善水会”，为市民服务。\n多年来，同仁堂热心公益的仁义之名深入人心。1957年春，北京、上海、贵州、洛阳等地爆发严重流感，同仁堂职工加班加点保供应，受到了政府嘉奖，得到了百姓赞扬。2003年非典期间，面对市民争购预防非典专用中药的状况，同仁堂做出“保供应、保质量、不涨价”的承诺，创造了14天制作39万副药的奇迹。\n图5：“同修仁德，济世养生”匾额\n“同修仁德，济世养生”，至今已成为同仁堂人的价值观；以义为上，义利共生，是同仁堂人的生存哲学。其内在的仁德、济世精神，与中华民族传承千年的儒家仁术精神内核高度契合，历久弥新。\n（二）“炮炙虽繁必不敢省人工，品味虽贵必不敢减物力”的质量观\n“炮炙虽繁必不敢省人工，品味虽贵必不敢减物力”是药店的创办者乐凤鸣在《同仁堂药目叙》中写下的同仁堂人对中药事业的千古承诺。宫廷用药十分讲究，从这层意义上说，同仁堂代表了当时中国选材制药的最高标准。\n对同仁堂而言，供奉御药，需以身家性命担保药品质量。鉴于此，视质量如生命的意识，融入了历代同仁堂人的骨髓，几百年来不敢懈怠。质量优劣关乎生死，既然兢兢济世，必然岌岌小心。\n图6：同仁堂专家卢广荣（左一）和徒弟孔燕萍一起鉴别麝香\n同仁堂不管炮制何种药材，该炒的必炒，该蒸的必蒸，该炙的必炙，该晒的必晒，该霜冻的必霜冻，绝不偷工减料。质量是同仁堂人世代坚守的行业道德。\n（三）“讲信义，重人和”的经营理念和“童叟无欺，一视同仁”的职业道德\n据同仁堂乐家第十三世乐崇熙先生回忆：“同仁堂丸散一向真材实料，遵古炮制，对每位患者都是一视同仁，对御药房只是小心侍候……。至于御药房所用之药只是另室存放，而药物本身与平民所用，并无区别。” 在几百年的经营中，同仁堂始终坚持童叟无欺、达官贫民一视同仁，真正做到了医者仁心。\n此外，同仁堂自清代时就定期公开价目表，做到价格公开透明，对所有患者公平售卖，避免价格混乱现象的发生，确保了店铺信誉。\n图7：民国十九年北平同仁堂乐家老药铺丸散膏丹价目表\n（四）制药特色\n作为中医药行业的老字号，同仁堂能百载不衰，根本原因得益于其独特的制药方法和中药炮制技艺。\n康熙丙戌年（1706年），乐凤鸣在宫廷秘方、民间验方、祖传配方基础上总结前人制药经验，完成了《同仁堂乐氏世代祖传丸散膏丹下料配方》和《同仁堂虔修诸门应症丸散膏丹总目》，将同仁堂配方与清宫医药完美融合，形成其特有的品牌标记。“处方独特、选料上乘、工艺精湛、疗效显著”，是对同仁堂制药特色的精要概括，其产品享誉海内外，行销40多个国家和地区。\n图8：《同仁堂药目》（许叶芬署检）\n1.处方独特同仁堂坚持以传统配本制药来确保药品质量。《同仁堂乐氏世代祖传丸散膏丹下料配方》由乐家经营者严格保密，并不断收集、整理、优化，制药过程中的关键步骤由不同生产车间的不同工人分别操作。目前，同仁堂生产的产品都已纳入国家标准体系。\n2.选料上乘同仁堂药店创建人乐凤鸣于1706年在《同仁堂药目叙》中提出的“遵肘后，辨产地”至今是同仁堂的制药古训，也是中医药行挑选地道药材的标准。按药材的采收时间、种植产地进行采摘和选购，是同仁堂遵循和保持“选料上乘”这一优良传统的独特之处。\n图9：同仁堂专家于葆墀在挑拣药材栀子\n同仁堂选药，遵循“不怕价高，只要货好”的原则。购买药材时，要货量大，给价高，只选取质量最佳的。如买大黄要最瓷实的，不要发泡的；买天花粉要条粗有粉的，不要条细筋多的。优质的原料为药品的疗效提供了根本保障。\n3.工艺精湛同仁堂继承了传统中药炮制技术，在中药丸剂、散剂、药酒和膏药等传统剂型的生产方面具有明显的技术优势，其主要特点是“净料投料”和“依法炮制”。\n图10：同仁堂制药厂制剂车间包玻璃纸、包金生产现场\n中药材要达到“净料”要求，需去除杂质和非药用部位，如去芯、去皮、去毛、去芦、去核、去梗等，需采用洗、筛、簸、挑等10余种方法，有20多个生产工序，含水制、水火制、制曲等52种加工方法。\n同仁堂在不同质地中药材粉碎的细度、研配的均匀度、合坨的温度和时间、手工制丸技术、裹金技术、吊蜡皮技术等方面均独具特色。\n4.与时俱进随着时代进步，如虎骨、犀角等很多传统中药材因涉及濒危野生动植物而被禁止使用，导致很多成方的丸散膏丹原材料缺乏，无法完成药物配伍。面对此种情况，同仁堂积极开展濒危野生动植物药材的替代研究工作，采取人工规模化种植养殖方式，来满足药品生产需求。\n此外，随着人们生活节奏的加快，对中药服用的便捷性提出了更高要求。同仁堂适应时代需求，积极进行剂型改进研究，多次获得卫生部颁发的技术进步奖。目前已实现的有安宫牛黄丸的片剂化、乌鸡白凤丸的自动流水线生产、大蜜丸的自动包装等。\n三、保护传承\n同仁堂传承三百余载，至今声名显赫。历经风雨，其品牌和背后所蕴含的独特中医药文化成功实现了完整传承和接续。早在清咸丰及同治年间，同仁堂就多次借助政府力量来保护同仁堂字号，对假冒同仁堂招牌的案件予以惩治。同时，在家族内部执行“只此一家别无分号”的家规。\n中华人民共和国成立后，同仁堂十分重视品牌保护，积极参与公益事业，发挥同仁堂文化力的作用，使其医药文化深入人心。在开拓国际市场过程中，同仁堂坚持“市场未动，商标先行”的策略，牢固树立商标保护意识，通过经济、文化双轮驱动，积极宣传推广中医药文化，提升品牌影响力。\n2006年，“同仁堂中医药文化”入选我国首批国家级非物质文化遗产名录，这为同仁堂的发展带来了新的时代契机，同仁堂的医药文化不仅得到了更为广泛的传播，其品牌影响力也日益彰显。\n2007年，卢广荣、田瑞华、金霭英、关庆维四人被评为“同仁堂中医药文化”项目的国家级非物质文化遗产代表性传承人。他们在药学典籍研究、传统中药材鉴别和炮制技艺、传统中药饮片和成药改革研究、中医临床诊疗，以及同仁堂中医药文化传承和发展等方面做出了突出成绩，为同仁堂品牌和文化的传承，乃至中国传统中医药文化的推广贡献了力量。\n多年来，同仁堂通过多种渠道和措施，为保护中医药传统文化做着不懈努力。目前已建立并形成了国家、市、区、集团4级非遗传承人梯队，“北京同仁堂国家级非遗生产性保护示范基地暨中药材炮制技艺传承基地”亦在建设中。\n（文字：王铮；图片：中国非物质文化遗产保护中心）'}]"
胡庆余堂中药文化,传统医药,浙江省杭州市,https://www.ihchina.cn/project_details/14853.html,"“江南药王”胡庆余堂，是“红顶商人”胡雪岩在1874年（清同治十三年）创建的药铺，地处杭州清河坊。从南宋建都临安（今杭州）到明、清两代，清河坊一带形成了一条“药铺”长廊。其中如南宋的保和堂、明朝的朱养心膏药店；晚清的“六大家”胡庆余堂、叶种德堂、方回春堂等。胡庆余堂全面继承了南宋官方制定的《太平惠民和剂局方》制药技艺和行业规范。从这一意义上讲，杭州是“古代中医药典”的发迹之地，而胡庆余堂则秉承了这一良好的传统。
胡庆余堂所保存下来的传统商贸习俗内容极其丰富。
“戒欺”文化。“戒欺”是胡庆余堂的店训，由胡雪岩亲笔写就。一百三十余年来，胡庆余堂始终恪守“戒欺”原则，秉承中国传统伦理道德和中医药文化，形成了以“戒欺”为内涵特色的经商理念和店规。这种理念具有超越企业层面、倡导社会公德的特征。
胡庆余堂保存了一批民间的古方、秘方。企业内身怀绝技、熟练掌握中药手工技艺的老药工至今仍然健在，这都是社会的巨大财富。
由于现代技术影响、气候变化、环境污染以及强势文化的冲击等因素，胡庆余堂的传统正在受到威胁，有的甚至到了濒危状态。为此，胡庆余堂投入了一定的人力物力，制订了一个切实可行的保护计划。","[{'name': '丁光明', 'gender': '男', 'birth_date': '', 'ethnicity': '汉族'}, {'name': '冯根生', 'gender': '男', 'birth_date': '1934.07.29', 'ethnicity': '汉族'}]",[]
藏医药（甘孜州南派藏医药),传统医药,四川省甘孜藏族自治州,https://www.ihchina.cn/project_details/14854.html,"藏医药有近两千三百余年的历史，是藏族人民通过长期的实践，不断积累完善而形成的具有完整理论体系、独特治疗方法和浓郁民族特色的医药学体系。在历史上藏医药形成南北两派，甘孜州是藏医药的发祥地之一，南派藏医药的故乡。
历史上把以康巴为中心的藏医药称为南派藏医药。康巴地区包括四川甘孜州、云南迪庆州、西藏昌都地区及青海玉树州，总面积55万平方公里。
藏医药学到公元12至15世纪，产生了以向巴郎加扎桑为代表的北派藏医药和以宿喀娘尼多吉为代表的南派藏医药。南派藏医药经过杰巴泽翁、释迦汪秋、五世达赖喇嘛、达姆门然巴洛桑曲批等藏医药学家的继承和发展，一直到司都确吉迥列，南北派藏医药学才逐渐合而为一，而南派藏医药一度成为藏医药中坚力量，领导了整个藏医药学的继承、发扬。以嘉央青则江布等为杰出代表的19世纪初南派藏医药学家，使藏医药有了空前的发展。
藏医药学是藏族文化的重要组成部分，对研究藏族社会的发展具有极其重要的价值。同时，对保护人们的健康起着重要的作用。
随着环境恶化对人体健康带来的危害、化学药物的毒副作用及其在治疗疾病过程中面临的无奈，人类越来越认识到藏医药对健康保健的重要作用。现代科学更进一步证实了藏医药学对人类健康保健、疾病预防的科学价值。","[{'name': '格桑尼玛', 'gender': '男', 'birth_date': '1937.05', 'ethnicity': '藏族'}, {'name': '唐卡·昂翁降措', 'gender': '男', 'birth_date': '1925', 'ethnicity': '藏族'}]",[]
藏医药（拉萨北派藏医水银洗炼法和藏药仁青常觉配伍技艺）,传统医药,西藏自治区,https://www.ihchina.cn/project_details/14855.html,"14世纪以后，藏医药在学术上分为南、北两派。两派的学术内涵各有所长，互有交叉。南、北两派均为藏医学的组成部分。藏医药拉萨北派藏药水银洗炼法和藏药仁青常觉配伍技艺
拉萨北派藏医药是藏医药的主要流派之一，“水银洗炼法”、“仁青常觉配伍技艺”是独具特色的药物加工技法。
藏医“水银洗炼法”简称“水银加工”或“佐珠钦莫”，藏族人民把“佐珠钦莫”称之为藏药的宝中宝，是藏族历代名医把含有剧毒的水银经过复杂的特殊加工炮制后，炼制成无毒而具有奇特疗效的药中之王“佐塔”。作为藏药材重要的加工方法和藏药实践的惟一精华，千百年来历代藏医药学者都非常重视该技术的实践与传承，并代代相传，使此技术至今得以发扬光大。水银加工的实践方法始载于公元8世纪玉妥宁玛云旦贡布编著的《四部医典》中，并在珍宝药“仁青常觉”丸的配方中有较详细的阐述。13世纪末，大圣邬坚巴仁钦贝成功地进行了“水银洗炼”的冷热处理及祛毒等整个实践操作，并编著了《制水银论典》等著作，开创了藏药“水银加工”系统完整的实践操作，为“水银加工”的普及和弘扬作了无法估量的贡献。后经贤者噶玛巴让琼多吉、苏喀年尼多吉、贡珠云丹嘉措等著名藏医药学家的不断实践和传承，使这一藏医药文化的精粹得以世世相传，继续为人类健康保驾护航。
水银洗炼加工后的“佐塔”是配制名贵藏成药不可或缺的重要原料，在藏医药的使用中有悠久的历史，经过了近两千年的临床实践验证，应用面广，使用量大，是藏药中的极品，并具有延年益寿、强身壮体、减毒增效等功效。
藏药仁青常觉配伍技艺本品成方于公元8世纪，始载于藏医经典巨著《四部医典》，是根据藏医学原理，选用生长在世界屋脊特殊生态环境下的天然、珍贵、稀有藏药材，并采用现代科学与传统技艺相结合的方法精制而成。经一千多年的临床实践证明，本品对陈旧性胃炎、胃溃疡、慢性萎缩性胃炎、肝胆等疾病具有独特疗效，沿用至今，以它的独特功效，驰名于中外，备受国内外医学专家和广大患者的高度评价。此方由一百二十多种西藏特有的天然动、矿、植物配伍而成，全国十多家藏药企业都在生产销售，其中多数药材资源受到了不同程度的破坏，有些药物出现种群衰退甚至面临灭绝。为此，从藏药“仁青常觉”配伍和技艺出发，尽快保护和再生利用仁青常觉配伍中濒临灭绝的一些药物是至关重要的。","[{'name': '多吉', 'gender': '男', 'birth_date': '1957.03.15', 'ethnicity': '藏族'}, {'name': '嘎务', 'gender': '男', 'birth_date': '1950.10', 'ethnicity': '藏族'}, {'name': '索朗其美', 'gender': '男', 'birth_date': '1962.05.18', 'ethnicity': '藏族'}, {'name': '尼玛次仁', 'gender': '男', 'birth_date': '1959.08.15', 'ethnicity': '藏族'}, {'name': '强巴赤列', 'gender': '男', 'birth_date': '1929.03.25', 'ethnicity': '藏族'}]",[]
藏医药（藏医外治法）,传统医药,西藏自治区藏医学院,https://www.ihchina.cn/project_details/14858.html,"藏医药是我国传统医药的重要组成部分，是我国民族医药的重要代表。
藏医药历史悠久，它是藏族人民在青藏高原的特殊环境下积累起来的医学经验。它的经典著作《四部医典》成书于公元8世纪下叶的吐蕃王朝时代，由著名藏医学家宇妥·元旦贡布所著。藏医学和藏族天文历算结合在一起，是一个庞大而复杂的医学体系，藏医药学以“水、火、土、风、空”五原学说和“龙、赤巴、培根”三因学说为理论基础，以青藏高原的植物、动物、矿物和部分“南药”为基本药物，采用适应高原环境和游牧生活的行医方式，对高原缺氧环境中的常见病、多发病、地方病具有独特的疗效，其养生文化也越来越得到医学界的重视。
由于青藏高原幅员辽阔，山高水急，藏医药文化的民族特征和地域特征比较明显，藏医的诊断、医技和药物常有地区和流派的差异，近几十年来随着藏医药事业的建设和学术交流的广泛开展，藏医药的继承和弘扬取得了举世瞩目的成绩。
藏医外治法是指用器械或外用药物治疗身体疾病的一种方法。藏医外治法有放血、按摩、擦身、火灸与艾灸、拔罐、敷(热敷与冷敷)、汤药熏、穿刺、药水浴等多种方法。根据其手段的不同，分为温、强、烈三种，温和的治疗法有罨敷法、药浴疗法、涂擦疗法三种；较强的治法有放血、艾火灸、穿刺三种；剧烈的外治法分切除、割断、剜除、拔除四种。
藏医外治法中具有代表性的几种疗法有：藏医“放血疗法”是体外实施静脉切开导血来达到治疗目的的一种传统治疗方法；“火灸”是利用火之热力及药物作用将隆病和寒性疾病平息于发病部位，达到根除寒症和部分热症的一种治疗法，以调气活血为主；藏医“金针疗法”是用金属制成的针、刀等锐利器械，刺入人体的一定穴位和部位，排除体内积液、脓血、痞块、异物及病邪的一种治疗方法。
受现代文化的冲击，藏医药有很多验方和临床经验已经失传或濒临失传，藏医外治法也不例外，老藏医的很多经验完全靠口传心授，传承链条十分脆弱，对这一古老医药传统进行系统整理、挖掘已刻不容缓。","[{'name': '米玛', 'gender': '男', 'birth_date': '1966.04', 'ethnicity': '藏族'}]",[]
藏医药（藏医尿诊法）,传统医药,西藏自治区山南地区藏医院,https://www.ihchina.cn/project_details/14860.html,"藏医药是我国传统医药的重要组成部分，是我国民族医药的重要代表。
藏医药历史悠久，它是藏族人民在青藏高原的特殊环境下积累起来的医学经验。它的经典著作《四部医典》成书于公元8世纪下叶的吐蕃王朝时代，由著名藏医学家宇妥·元旦贡布所著。藏医学和藏族天文历算结合在一起，是一个庞大而复杂的医学体系，藏医药学以“水、火、土、风、空”五原学说和“龙、赤巴、培根”三因学说为理论基础，以青藏高原的植物、动物、矿物和部分“南药”为基本药物，采用适应高原环境和游牧生活的行医方式，对高原缺氧环境中的常见病、多发病、地方病具有独特的疗效，其养生文化也越来越得到医学界的重视。
由于青藏高原幅员辽阔，山高水急，藏医药文化的民族特征和地域特征比较明显，藏医的诊断、医技和药物常有地区和流派的差异，近几十年来随着藏医药事业的建设和学术交流的广泛开展，藏医药的继承和弘扬取得了举世瞩目的成绩。
公元8世纪，著名的藏医鼻祖宇妥·云丹贡布刻苦钻研尿诊理论，积极实践，证明了尿液的颜色、性质、泡沫、气味等能够鉴别疾病的原理，并详细载入藏医经典著作《四部医典》。藏医尿诊法最早起源于象雄，兴盛于吐蕃。随着藏民族的迁徙、文化的交流及与其他民族的融合，此诊断法传于青海、四川、甘肃、云南、内蒙古等地和印度、尼泊尔、蒙古、不丹等邻国。
藏医尿诊法是通过尿液的颜色、蒸汽、残渣物、浮游物、泡沫等特征来诊断疾病的藏医独到的诊断方法。尿诊时应具备以下条件：一是尿诊前一天开始不能食用改变尿液颜色的饮食或药物，也不能剧烈运动；二是尿诊的标本为清晨五点左右的尿液；三是为了能够清晰地看到和鉴别尿液中的残渣物和浮游物，尿诊应在早晨太阳光下进行；四是避免容器颜色改变尿色，标本应放置在白色的瓷碗中。尿诊具体有三个步骤，其一是热尿期，此时要看尿色、尿雾、尿味和泡沫；其二是消雾期，此时要鉴别尿液中的残渣物及浮游物；其三是冷尿期，此时要鉴别颜色的改变和冷尿的性质。通过以上的鉴别方法方能较好地诊断以“龙”、“赤巴”、“培根”和寒热症为主的各种疾病。濒危病人通过尿检能够评估预后情况。
藏医尿诊法是藏民族长期在恶劣的自然环境里经过漫长的生活、生产实践以及认识疾病、了解疾病、治疗疾病的过程中积累起来的智慧结晶。现代医学所称的亚健康状态及神经官能症等病症都属藏医的“龙病”范畴，经藏医治疗疗效确切，可以说藏医尿诊在发展现代医学诊断方法方面同样具有重要意义。如此独具特色的藏医尿液诊断法目前并未受到足够的重视，从理论与实践技术上给予保护是必要的。","[{'name': '格桑次仁', 'gender': '男', 'birth_date': '1965.08', 'ethnicity': '藏族'}]",[]
藏医药（藏医药浴疗法）,传统医药,青海省藏医院,https://www.ihchina.cn/project_details/14862.html,"藏医药是我国传统医药的重要组成部分，是我国民族医药的重要代表。
藏医药历史悠久，它是藏族人民在青藏高原的特殊环境下积累起来的医学经验。它的经典著作《四部医典》成书于公元8世纪下叶的吐蕃王朝时代，由著名藏医学家宇妥·元旦贡布所著。藏医学和藏族天文历算结合在一起，是一个庞大而复杂的医学体系，藏医药学以“水、火、土、风、空”五原学说和“龙、赤巴、培根”三因学说为理论基础，以青藏高原的植物、动物、矿物和部分“南药”为基本药物，采用适应高原环境和游牧生活的行医方式，对高原缺氧环境中的常见病、多发病、地方病具有独特的疗效，其养生文化也越来越得到医学界的重视。
由于青藏高原幅员辽阔，山高水急，藏医药文化的民族特征和地域特征比较明显，藏医的诊断、医技和药物常有地区和流派的差异，近几十年来随着藏医药事业的建设和学术交流的广泛开展，藏医药的继承和弘扬取得了举世瞩目的成绩。
藏医药浴疗法是藏族人民在长期与疾病斗争的实践中总结出来的具有良好疗效的藏医外治疗法。它又称“五味甘露浴”，最早记载于著名藏医学家宇妥·云丹贡布编撰的藏医巨著《四部医典》，距今已有一千三百余年的历史。藏医药浴主要有水浴、敷浴、汽浴三种方式。药水浴是最普遍、最常用的，是把圆柏叶、黄花杜鹃叶、水柏枝、高山麻黄、“坎巴”五种藏草药作为主药加水熬煮后，供患者浸泡洗浴，起到疏松通络、活血化瘀、祛风除湿的功效，对于治疗风湿、类风湿性关节炎、皮肤病有极佳疗效。
藏医药浴疗法极具地域特色和民族特色，它的组方、浴前诊断、综合施治都是在藏医学理论指导下完成的；它所采用的药材均为雪域高原原生态环境下的地道药材；其药浴工艺、时令选择、病人护理等蕴含着藏民族特有的人文因素；在施治过程中综合运用藏药学、藏医诊断学、藏医护理学以及最初的传统制剂加工工艺进行内病外治，在世界医学史上是罕见的。
藏医药浴疗法是传统藏医药的一项代表性技艺，是世界各国患者和研究者认识、了解藏医药的首选。由于藏医药浴一直采取口传心授的方式,进一步加强整理、继承工作已刻不容缓。","[{'name': '李先加', 'gender': '男', 'birth_date': '1963.09', 'ethnicity': '藏族'}]",[]
藏医药（甘南藏医药）,传统医药,甘肃省碌曲县,https://www.ihchina.cn/project_details/14861.html,"藏医药是我国传统医药的重要组成部分，是我国民族医药的重要代表。
藏医药历史悠久，它是藏族人民在青藏高原的特殊环境下积累起来的医学经验。它的经典著作《四部医典》成书于公元8世纪下叶的吐蕃王朝时代，由著名藏医学家宇妥·元旦贡布所著。藏医学和藏族天文历算结合在一起，是一个庞大而复杂的医学体系，藏医药学以“水、火、土、风、空”五原学说和“龙、赤巴、培根”三因学说为理论基础，以青藏高原的植物、动物、矿物和部分“南药”为基本药物，采用适应高原环境和游牧生活的行医方式，对高原缺氧环境中的常见病、多发病、地方病具有独特的疗效，其养生文化也越来越得到医学界的重视。
由于青藏高原幅员辽阔，山高水急，藏医药文化的民族特征和地域特征比较明显，藏医的诊断、医技和药物常有地区和流派的差异，近几十年来随着藏医药事业的建设和学术交流的广泛开展，藏医药的继承和弘扬取得了举世瞩目的成绩。
甘南藏族自治州位于青藏高原东北边缘，平均海拔在3000米以上。甘南地域辽阔，自然环境丰富多样，制药原材料60%产于境内。由于地理环境特殊，日照时间长，甘南的药物活性成分很高。
公元7世纪，藏医药学传入甘南地区。甘南藏药经过适时采集、妥善干燥、区分新旧、加工去毒和特殊的炮制工艺制成，其药性柔和、配伍恰当，疗效格外显著。
甘南藏医药治疗方法较独特，主要有内服法（十种）和外治法两类。外治法包括柔治（熏疗、药浴、涂擦三种）、糙治（剖部放血、火灸、棒刺三种）和峻治（剪割、截断、牵拉、清除四种）。从史书记载和现有器械图谱看，曾达到进行开颅手术的技术水平。甘南藏医药是藏民族文化的独特创造，以甘南藏医药知识体系为核心，又与宗教、哲学、天文、物候、民俗等文化门类互相联系，共同构成了藏族人民的疾病观、社会观、自然观、生命观。
在外来文化的影响下，甘南藏医药受到很大的冲击，大量的甘南藏医药经典古籍亡佚，藏医世家后继乏人，许多老藏医临床实践经验面临失传，急需抢救和保护。","[{'name': '看照加', 'gender': '男', 'birth_date': '', 'ethnicity': '藏族'}, {'name': '索南旺杰', 'gender': '男', 'birth_date': '', 'ethnicity': '藏族'}]",[]
藏医药（藏药炮制技艺）,传统医药,西藏自治区藏医院,https://www.ihchina.cn/project_details/14856.html,"藏医药是我国传统医药的重要组成部分，是我国民族医药的重要代表。
藏医药历史悠久，它是藏族人民在青藏高原的特殊环境下积累起来的医学经验。它的经典著作《四部医典》成书于公元8世纪下叶的吐蕃王朝时代，由著名藏医学家宇妥·元旦贡布所著。藏医学和藏族天文历算结合在一起，是一个庞大而复杂的医学体系，藏医药学以“水、火、土、风、空”五原学说和“龙、赤巴、培根”三因学说为理论基础，以青藏高原的植物、动物、矿物和部分“南药”为基本药物，采用适应高原环境和游牧生活的行医方式，对高原缺氧环境中的常见病、多发病、地方病具有独特的疗效，其养生文化也越来越得到医学界的重视。
由于青藏高原幅员辽阔，山高水急，藏医药文化的民族特征和地域特征比较明显，藏医的诊断、医技和药物常有地区和流派的差异，近几十年来随着藏医药事业的建设和学术交流的广泛开展，藏医药的继承和弘扬取得了举世瞩目的成绩。
藏药炮制是根据藏医药理论辨症施治、按照用药的需要和药物自身性质以及调剂、制剂的不同要求所采取的一项制药技术。
藏药炮制是依据藏医理论制备藏药饮片的一门独特的传统制药技术。这一西藏特有的技术使藏药材的利用效率大大提高。绝大部分藏药材不能生用，必须经过炮制后才能运用于临床。对药材进行炮制，一是为了除去杂质和非药用部分；二是消除或降低药物的毒性、烈性或副作用；三是改变药物的性能，使之适合临床需要；四是便于制剂和贮藏。
藏药炮制包括净制、切制和炮炙三大工序，不同规格的饮片有不同的炮制工艺，有的饮片要经过蒸、炒、煅等高温处理，有的饮片还需要加入特殊的辅料如酒、醋、盐、奶、药汁等再经高温处理，最终使各规格饮片达到规定的纯净度、厚薄度和安全有效的质量标准。
藏药炮制工艺含有独特的增效减毒“绝招”，它不仅用于藏药汤剂，也是生产藏成药的技术基础。对这一传统医药炮制方法进行抢救保护，意义重大。","[{'name': '占堆', 'gender': '男', 'birth_date': '1946.05', 'ethnicity': '藏族'}, {'name': '索朗顿珠', 'gender': '男', 'birth_date': '1970', 'ethnicity': '藏族'}, {'name': '丹增彭措', 'gender': '男', 'birth_date': '1938', 'ethnicity': '藏族'}]",[]
藏医药（藏药七十味珍珠丸配伍技艺）,传统医药,西藏自治区藏药厂,https://www.ihchina.cn/project_details/14857.html,"藏医药是我国传统医药的重要组成部分，是我国民族医药的重要代表。
藏医药历史悠久，它是藏族人民在青藏高原的特殊环境下积累起来的医学经验。它的经典著作《四部医典》成书于公元8世纪下叶的吐蕃王朝时代，由著名藏医学家宇妥·元旦贡布所著。藏医学和藏族天文历算结合在一起，是一个庞大而复杂的医学体系，藏医药学以“水、火、土、风、空”五原学说和“龙、赤巴、培根”三因学说为理论基础，以青藏高原的植物、动物、矿物和部分“南药”为基本药物，采用适应高原环境和游牧生活的行医方式，对高原缺氧环境中的常见病、多发病、地方病具有独特的疗效，其养生文化也越来越得到医学界的重视。
由于青藏高原幅员辽阔，山高水急，藏医药文化的民族特征和地域特征比较明显，藏医的诊断、医技和药物常有地区和流派的差异，近几十年来随着藏医药事业的建设和学术交流的广泛开展，藏医药的继承和弘扬取得了举世瞩目的成绩。
七十味珍珠丸成方于公元8世纪，始载于藏医巨著《四部医典》中。此药根据藏医学原理，选用生长在世界屋脊特殊生态环境下的天然珍贵、稀有藏药材，严格按照传统工艺的制备方法精制而成。其选料上乘、炮制特殊、做工考究、功能广泛、副作用小，采药、炮制、配方无不遵循古法，从而保证了神奇疗效。一千多年的临床实践证明，七十味珍珠丸具有安神、镇静、通经活络、调和气血、醒脑开窍之效，用途广泛，无病服用亦具有滋补健身、提高身体免疫力等功能。在藏医临床上治疗中风、瘫痪、半身不遂、癫痫、脑溢血、脑震荡、心脏病、高血压等急重症方面，七十味珍珠丸具有较重要的作用。
受现代医药的冲击，七十味珍珠丸的炮制方法及相关临床实践经验均面临不同程度的传承危机，亟待抢救保护。","[{'name': '洛桑多吉', 'gender': '男', 'birth_date': '1956', 'ethnicity': '藏族'}]",[]
藏医药（藏药珊瑚七十味丸配伍技艺）,传统医药,西藏自治区雄巴拉曲神水藏药厂,https://www.ihchina.cn/project_details/14859.html,"藏医药是我国传统医药的重要组成部分，是我国民族医药的重要代表。
藏医药历史悠久，它是藏族人民在青藏高原的特殊环境下积累起来的医学经验。它的经典著作《四部医典》成书于公元8世纪下叶的吐蕃王朝时代，由著名藏医学家宇妥·元旦贡布所著。藏医学和藏族天文历算结合在一起，是一个庞大而复杂的医学体系，藏医药学以“水、火、土、风、空”五原学说和“龙、赤巴、培根”三因学说为理论基础，以青藏高原的植物、动物、矿物和部分“南药”为基本药物，采用适应高原环境和游牧生活的行医方式，对高原缺氧环境中的常见病、多发病、地方病具有独特的疗效，其养生文化也越来越得到医学界的重视。
由于青藏高原幅员辽阔，山高水急，藏医药文化的民族特征和地域特征比较明显，藏医的诊断、医技和药物常有地区和流派的差异，近几十年来随着藏医药事业的建设和学术交流的广泛开展，藏医药的继承和弘扬取得了举世瞩目的成绩。
珊瑚七十味丸是藏医治疗心脑血管疾病的名贵藏药品种之一，具有综合调节人体的“龙”、“赤巴”、“培根”三大因素，使人体的内环境处于健康平衡状态的机能。珊瑚七十味丸整体调节人体的血液循环和血压，降低血液黏稠度和血脂，畅通络脉，改善心脑血管痉挛、硬化，激活受损神经，改善神经功能，恢复中风偏瘫病人的身体功能功能有一定疗效，同时对心脑血管疾病的治疗有综合效应，能在一定程度上地预防和治疗高血压、多血症、冠心病、缺血性心脏病和脑血管疾病及肢体瘫痪、半身不遂等中风后遗症，以及各类神经炎、神经衰弱、神经官能症、神经功能性损伤等神经系统疾病；对小儿麻痹、癫痫和失眠也表现出了较好的治疗效果。此外，珊瑚七十味丸还能提高中老年人肌体免疫力，改善血液循环和微循环以及神经系统功能，在预防心脑血管疾病方面有一定保健作用。
珊瑚七十味丸充分体现了藏医药在治疗心脑血管疾病方面所具有的优势和独特疗效，不仅成为广大心脑血管疾病患者寻医问药的热销藏药品种，更是藏医治疗心脑血管疾病的临床首选药物之一。受西医西药的冲击，藏药炮制和老藏医的临床经验都面临传承危机，亟待抢救保护。","[{'name': '白玛加措', 'gender': '男', 'birth_date': '1938', 'ethnicity': '藏族'}]",[]
藏医药（藏药阿如拉炮制技艺）,传统医药,青海省金诃藏药药业股份有限公司 ,https://www.ihchina.cn/project_details/14863.html,"藏医药是我国传统医药的重要组成部分，是我国民族医药的重要代表。
藏医药历史悠久，它是藏族人民在青藏高原的特殊环境下积累起来的医学经验。它的经典著作《四部医典》成书于公元8世纪下叶的吐蕃王朝时代，由著名藏医学家宇妥·元旦贡布所著。藏医学和藏族天文历算结合在一起，是一个庞大而复杂的医学体系，藏医药学以“水、火、土、风、空”五原学说和“龙、赤巴、培根”三因学说为理论基础，以青藏高原的植物、动物、矿物和部分“南药”为基本药物，采用适应高原环境和游牧生活的行医方式，对高原缺氧环境中的常见病、多发病、地方病具有独特的疗效，其养生文化也越来越得到医学界的重视。
由于青藏高原幅员辽阔，山高水急，藏医药文化的民族特征和地域特征比较明显，藏医的诊断、医技和药物常有地区和流派的差异，近几十年来随着藏医药事业的建设和学术交流的广泛开展，藏医药的继承和弘扬取得了举世瞩目的成绩。
“阿如拉”是君子科植物诃子或绒毛诃子的果实，生长于海拔800至1800米之间的森林中，主要分布在我国广西、云南，印度、尼泊尔、越南等东南亚国家也有分布，为千百年来藏药常用原料。阿如拉是“诃子”的藏文译音。《扎拉嘎解释》中说：“‘阿’为众字之最，能治龙、赤巴、培根所成之病；‘如’为具有肉骨皮，能治三因病；‘拉’为象犀角，能治七种元气的病。因此，称为阿如拉。”
阿如拉是应用最广、最具代表性的藏药材，具有明显的特殊性、鲜明的包容性、显著的地域性。传说药王山上有五种成熟的诃子，具备六样性味、八种性能，消化后有三种化味、十七种功效；药味芬芳，闻之令人心旷神怡，药香所到之处，四百零四种疾病都不会发生。
阿如拉对人体的对应治疗广泛，它的根可医治人体骨骼病，茎可医治肌肤病，树枝可医治人体四肢的病，叶子可医治人体经络病，树皮可治疗皮肤病，花可医治人体五官病。
受现代医药的影响，人们对藏医藏药的认识很不充分，影响了藏医藏药的传承，亟待国家保护。","[{'name': '尕玛措尼', 'gender': '男', 'birth_date': '1956.07', 'ethnicity': '藏族'}, {'name': '俄日', 'gender': '男', 'birth_date': '1963.07', 'ethnicity': '藏族'}]",[]
藏医药（七十味珍珠丸赛太炮制技艺）,传统医药,青海省金诃藏药药业股份有限公司,https://www.ihchina.cn/project_details/14864.html,"藏医药是我国传统医药的重要组成部分，是我国民族医药的重要代表。
藏医药历史悠久，它是藏族人民在青藏高原的特殊环境下积累起来的医学经验。它的经典著作《四部医典》成书于公元8世纪下叶的吐蕃王朝时代，由著名藏医学家宇妥·元旦贡布所著。藏医学和藏族天文历算结合在一起，是一个庞大而复杂的医学体系，藏医药学以“水、火、土、风、空”五原学说和“龙、赤巴、培根”三因学说为理论基础，以青藏高原的植物、动物、矿物和部分“南药”为基本药物，采用适应高原环境和游牧生活的行医方式，对高原缺氧环境中的常见病、多发病、地方病具有独特的疗效，其养生文化也越来越得到医学界的重视。
由于青藏高原幅员辽阔，山高水急，藏医药文化的民族特征和地域特征比较明显，藏医的诊断、医技和药物常有地区和流派的差异，近几十年来随着藏医药事业的建设和学术交流的广泛开展，藏医药的继承和弘扬取得了举世瞩目的成绩。
七十味珍珠丸，藏文译音为“然纳桑培”，是藏药里最顶级的、最具代表性的名贵珍宝类藏成药。经过“黄金炮制法”加工而成的“赛太”入药的七十味珍珠丸，具有鲜明的包容性、显著的地域性和很强的民族性。
把黄金经过四十多天时间、三百多道工艺流程的炮制，使之含有金、银等八大金属，八大矿物质即成“赛太”，是七十味珍珠丸不可缺少的关键成分，这种化合物单独不能成药，一旦加入其他配方里面，就可以起到化腐朽为神奇的功效。它是七十味珍珠丸最重要的成分之一，如果七十味珍珠丸不含“赛太”成分，就失去了药用价值。
作为藏药材重要的加工方法和藏药实践的唯一精华，千百年来历代藏医药学者都非常重视该技术的实践与传承，使此技术得以发扬光大。而受现代医药的冲击，人们对藏医藏药的认识不够科学，从而制约了藏医藏药的发展。","[{'name': '尼玛', 'gender': '男', 'birth_date': '1933.12', 'ethnicity': '藏族'}, {'name': '桑杰', 'gender': '男', 'birth_date': '1943.07', 'ethnicity': '藏族'}]",[]
藏医药（藏医骨伤疗法）,传统医药,云南省迪庆藏族自治州,https://www.ihchina.cn/project_details/14865.html,"藏族医药是中国民族医药的重要组成部分。藏族医药有悠久的历史，是藏族人民在高寒缺氧的自然环境中，通过长期的生产生活实践，不断积累完善形成的民族医药学体系。其历史源远流长、医著博大精深、理论体系完整。
迪庆藏医骨伤疗法是以传统藏医创伤学理论为基础，运用具有接骨功效的天然鲜草药捣成糊状外敷和内服传统藏药相结合。吸取传统藏医创伤治疗的精华，因地制宜，结合当地资源条件，形成了独具特色的疗法。迪庆藏医骨伤疗法由整复、外敷药加夹板或牵引固定、功能锻炼三个基本步骤构成。其中最具特色的当属外敷药加夹板或牵引固定。这个步骤中包括了骨折初期、中期、后期。初期应用具有清热、消肿、止痛、活血化淤功效的外敷药伤科一号（由铁箍散、冰片、红花、雪山一枝蒿等组成），并根据不同情况用夹板固定或持续牵引固定，内服传统藏药桑琼丸、十味乳香丸、十八味杜鹃花丸，其药理作用是舒通筋骨脉络和活血化淤。中期应用具有接骨、舒筋之功效的外敷药伤科二号（由铁箍散、红花、骨碎补、当归、榛皮等组成）并根据病情用夹板外固定或持续牵引，内服藏药接骨消炎丸、八味榛皮丸、达尔强散，主要药理作用是促进骨细胞生成、骨化、骨连接和消炎。后期用五味甘露药浴和内服具有补肾壮骨、益气养血强筋骨之功效的石榴日轮丸、巴桑母酥油丸等，并适当功能锻炼。五味甘露药浴具有消炎止痛、活血化淤、强筋壮骨、防止肌肉萎缩、防止关节僵硬等作用。外敷药的主要成分均就地取材，按藏医理论处方，形成了独具特色的迪庆藏医骨伤疗法。
藏族是我国历史悠久的少数民族之一，云南藏族主要分布在迪庆州，迪庆藏医药的应用，以藏族群众为主，与周边的纳西族、傈僳族、白族等交流、交叉为用，藏医骨伤疗法，因疗效好、取材便宜，现已成为迪庆藏医药独有的特色，受到周边人民群众及国内外患者的信任。","[{'name': '雨觉', 'gender': '男', 'birth_date': '', 'ethnicity': '藏族'}]",[]
藏医药（山南藏医药浴法）,传统医药,西藏自治区山南地区,https://www.ihchina.cn/project_details/14866.html,,"[{'name': '明珠', 'gender': '男', 'birth_date': '', 'ethnicity': '藏族'}]",[]
藏医药（藏医放血疗法）,传统医药,青海省,https://www.ihchina.cn/project_details/14867.html,,"[{'name': '尼玛才让', 'gender': '男', 'birth_date': '', 'ethnicity': '藏族'}]",[]
藏医药（索瓦日巴——藏医有关生命、健康及疾病的认知与实践）,传统医药,西藏自治区,https://www.ihchina.cn/project_details/23847.html,,"[{'name': '次仁罗布', 'gender': '男', 'birth_date': '', 'ethnicity': '藏族'}, {'name': '多杰仁青', 'gender': '男', 'birth_date': '', 'ethnicity': '藏族'}]",[]
藏医药（藏医脉泻杂炯疗法）,传统医药,西藏自治区那曲市,https://www.ihchina.cn/project_details/23848.html,,"[{'name': '旦松扎巴', 'gender': '男', 'birth_date': '', 'ethnicity': '藏族'}]",[]
藏医药（尤阙疗法）,传统医药,青海省海东市循化撒拉族自治县,https://www.ihchina.cn/project_details/23849.html,,[],[]
中医养生（药膳八珍汤）,传统医药,山西省太原市,https://www.ihchina.cn/project_details/14868.html,"中医学认为，人体的生命健康是人和自然适应的过程，是机体生、长、壮、老、已的变化过程。疾病是内外环境不平衡的结果，其病因有三：一为外因，指自然气候变化的影响；二为内因，指机体自身调节的失常；三为不内外因，指意外伤害的侵袭，而内因起着主要的作用。因此，中医非常重视人体主动的养护、调摄和预防，这就是中医养生，也叫“摄生”。养生思想应贯穿于人的一生，但未病以前的保健养护尤为重要。
中医养生的内容包括居住环境、饮食起居、心理卫生和未病先防各个方面。《黄帝内经》认为，“上古之人，知其道者，法于阴阳，和于术数，食饮有节，起居有常，不妄作劳，故能形与神俱，而尽终其天年”。意思是说生命要合乎天地之道，顺应气候之变；饮食要有节制，膳饮宜有所养；生活应有规律，房事不宜过度；劳逸应该结合，身心保持健康。后世人们在生活实践中，创造了不少养生保健、饮食调理和“治未病”的方法和经验，不断丰富中医养生的内容。
傅山药膳八珍汤俗名“头脑”，是一种对养生健体有良好功效的清真食品。自明代崇祯年间由名医傅山创立以来，在太原地区传承了三百七十多年，是太原地区独具特色的地方名吃。
八珍汤是以羊肉、粮食和八种中草药为原料，经过精细复杂的工艺制作而成的一种汤糊状食品，经常食用可起到舒筋活血、养心益肾、补血生阳、健脾开胃、益气调元、滋虚补亏的作用。
八珍汤选料讲究，工艺复杂，要求精选成块的上等肥嫩羊肉做原料，经过清洗、净肉、加辅料煮炖、出锅晾存等诸道工序将肉加工好，并将羊汤、羊油撇出备用；同时将诸种辅料严格按照既定制法或煨、或腌、或煮、或蒸，做好备用。制作八珍汤时将上述材料按照既定的程式、比例上火熬煮，并加入黄酒调制。
近年来八珍汤的传承与发展遇到了困难。掌握传统工艺的老师傅都已年逾古稀，后继乏人，这一地方名吃正面临着失传的危险。",[],[]
中医养生（灵源万应茶）,传统医药,福建省晋江市,https://www.ihchina.cn/project_details/14869.html,"中医学认为，人体的生命健康是人和自然适应的过程，是机体生、长、壮、老、已的变化过程。疾病是内外环境不平衡的结果，其病因有三：一为外因，指自然气候变化的影响；二为内因，指机体自身调节的失常；三为不内外因，指意外伤害的侵袭，而内因起着主要的作用。因此，中医非常重视人体主动的养护、调摄和预防，这就是中医养生，也叫“摄生”。养生思想应贯穿于人的一生，但未病以前的保健养护尤为重要。
中医养生的内容包括居住环境、饮食起居、心理卫生和未病先防各个方面。《黄帝内经》认为，“上古之人，知其道者，法于阴阳，和于术数，食饮有节，起居有常，不妄作劳，故能形与神俱，而尽终其天年”。意思是说生命要合乎天地之道，顺应气候之变；饮食要有节制，膳饮宜有所养；生活应有规律，房事不宜过度；劳逸应该结合，身心保持健康。后世人们在生活实践中，创造了不少养生保健、饮食调理和“治未病”的方法和经验，不断丰富中医养生的内容。
中华老字号“灵源万应茶”系泉南名寺福建晋江灵源禅寺三十一世高僧沐讲禅师研制，始创于明代洪武元年（1368），迄今已有六百三十多年历史。沐讲禅师采集山茶、鬼针、青蒿、飞扬草、爵床、野甘草、墨旱莲等17种灵源独特的青草药并配以中药精心炮制，制成“菩提丸”，济世救民，普度众生。“菩提丸”经六百多年的演绎、传承、发展，成为今天的“灵源万应茶”。该药茶具有疏风解表、调胃健脾、祛痰利湿之功能，对伤风感冒发热、中暑痢疾、腹痛吐泻等疾病疗效显著，更是防暑降温的理想药茶。为解当地百姓的疾苦，六百年来，寺中僧尼秉承沐讲禅师“广施万民，不求图报”之志，世代继承此秘方，后来寺中僧人还俗，还把该秘方及制作方法传授给灵水、曾林两村的百姓。灵源万应茶遂成为闽南地区特别是沿海一带民众预防疾病、增进健康的必备良品。
灵源万应茶虽然已经规模化生产，但是受西医西药的冲击，在中医药整体不景气的大环境下，灵源万应茶并未摆脱濒危的命运，亟待国家大力保护。",[],[]
中医养生（永定万应茶）,传统医药,福建省永定县,https://www.ihchina.cn/project_details/14870.html,"中医学认为，人体的生命健康是人和自然适应的过程，是机体生、长、壮、老、已的变化过程。疾病是内外环境不平衡的结果，其病因有三：一为外因，指自然气候变化的影响；二为内因，指机体自身调节的失常；三为不内外因，指意外伤害的侵袭，而内因起着主要的作用。因此，中医非常重视人体主动的养护、调摄和预防，这就是中医养生，也叫“摄生”。养生思想应贯穿于人的一生，但未病以前的保健养护尤为重要。
中医养生的内容包括居住环境、饮食起居、心理卫生和未病先防各个方面。《黄帝内经》认为，“上古之人，知其道者，法于阴阳，和于术数，食饮有节，起居有常，不妄作劳，故能形与神俱，而尽终其天年”。意思是说生命要合乎天地之道，顺应气候之变；饮食要有节制，膳饮宜有所养；生活应有规律，房事不宜过度；劳逸应该结合，身心保持健康。后世人们在生活实践中，创造了不少养生保健、饮食调理和“治未病”的方法和经验，不断丰富中医养生的内容。
采善堂万应茶饼始于清代嘉庆年间，由福建永定著名老中医卢曾雄采用彰州独有的高山茶叶和三十多种名贵地道中药材，用独特的中药炮制工艺加工配制而成。该药可治多种外感和消化道疾病，疗效显著，行销甚广。有一云游老僧患病，服后即愈，遂赠联“采集名山药，善疗天下人”，从此药铺改名为“采善堂”。清代道光九年（1829），永定进士翰林院编修巫宜福回乡返京时，卢曾雄之子卢宏汉赠他万应茶饼。适值京城瘟疫流行，巫宜福即将万应茶饼赠与病人，治好很多人，从此万应茶饼美名远扬。随着人们对万应茶饼的需求不断增加，1988年，采善堂制药厂将现代先进工艺技术和传统工艺相结合，研制成功了万应茶袋泡剂。既保留了万应茶饼原有的药效，又具有泡服方便、见效快的特点，而且包装新颖、实用，自面世以来，深受消费者喜爱，成为永定人赠送亲朋好友和海外侨胞的佳品。
永定万应茶主要适应于轻型腹泻、消化不良、饮食不调、水土不服、脾胃虚弱、外感风寒和中暑引起的头痛、头昏、恶心、腹胀、呕吐，以及食物过敏、醉酒等引发的症状。",[],[]
中医养生（中医传统导引法）,传统医药,北京中医药大学,https://www.ihchina.cn/project_details/23850.html,,"[{'name': '王成亚', 'gender': '男', 'birth_date': '', 'ethnicity': '汉族'}]",[]
中医养生（二十四节气中医导引养生法）,传统医药,中国中医科学院,https://www.ihchina.cn/project_details/23851.html,,"[{'name': '王成亚', 'gender': '男', 'birth_date': '', 'ethnicity': '汉族'}]",[]
传统中医药文化（鹤年堂中医药养生文化）,传统医药,北京鹤年堂医药有限责任公司,https://www.ihchina.cn/project_details/14871.html,"中医学是中国古代社会形成的人体生命之学和人类健康之学，它不仅是一方一药、一技一招的简单积累，而是一种关乎人体生命健康的知识体系。这个知识体系具有深厚的传统文化背景。它以独特的哲学思维、系统的基础理论、丰富的科学内涵和鲜明的人文色彩屹立于世界医学之林。它既是中国传统文化的活化形态之一，又是传统文化的巨大发展空间。例如恬淡从真的养生之道，冲和中庸的治疗法则，清心内守的性命理念，以人为本的医道准绳，诚信无欺的行业规范，始终贯彻于中医药理论与实践的各个方面，成为一切中医药人物、著作、文物、事业的灵魂，也成为今天中医药企事业引以自豪的优良传统和敬业精神。
鹤年堂创建于明代嘉靖年间，先后由曹萨飒、王圣一、刘一峰等世医家族传承，是北京医药行业现存历史最悠久的老字号。
鹤年堂是中国传统医药的传承者和弘扬者，数百年坚持“生身以养寿为先，养身以却病为急”的理念，形成了以“调元气，养太和”为文化内涵的鹤年堂中医药养生文化。包括“和者鹤寿”的天年观，“阴阳之律，性命之本”的认知观，“终身养生不辍，整体平衡不偏”的整体观，“生命无养，逆之于体”的“天道鹤年”观，“生命无调，体自弱衰”的“人道鹤年”观和“未病常调、将病预调、已病医调”的“以调求和”之法，“节、律、神、和”四字诀的“以神求和”之法及形养术、神养术、药护术、食养术、按摩术等。鹤年堂饮片的传统炮制技术誉满京城，《西鹤年堂参茸醪醴丸散膏丹价目表》中记有694种药品，技艺独特，传承至今，堪称中医药养生宝库。
鹤年堂中医药养生文化充分体现了中华民族传统文化的杰出创造力和旺盛的生命力，也是数百年来祖国中医药曲折发展的历史缩影。鹤年堂中医药养生文化有着数百年的实践基础，是现代生活方式下人们实现健康长寿的有效手段，对提高全民健康水平、构建和谐社会有着重要的现实意义。
近年来中医药的发展受到西医西药的冲击，保护、发展鹤年堂传统中医药养生文化是弘扬中医药文化的当务之急。","[{'name': '雷雨霖', 'gender': '男', 'birth_date': '1926.09.28', 'ethnicity': '汉族'}]",[]
传统中医药文化（九芝堂传统中药文化）,传统医药,湖南省九芝堂股份有限公司,https://www.ihchina.cn/project_details/14872.html,"中医学是中国古代社会形成的人体生命之学和人类健康之学，它不仅是一方一药、一技一招的简单积累，而是一种关乎人体生命健康的知识体系。这个知识体系具有深厚的传统文化背景。它以独特的哲学思维、系统的基础理论、丰富的科学内涵和鲜明的人文色彩屹立于世界医学之林。它既是中国传统文化的活化形态之一，又是传统文化的巨大发展空间。例如恬淡从真的养生之道，冲和中庸的治疗法则，清心内守的性命理念，以人为本的医道准绳，诚信无欺的行业规范，始终贯彻于中医药理论与实践的各个方面，成为一切中医药人物、著作、文物、事业的灵魂，也成为今天中医药企事业引以自豪的优良传统和敬业精神。
清代顺治七年（1650），劳澄在湖南长沙坡子街创建了九芝堂。劳澄在创建初期就仿效神农氏亲自试药，立下了“吾药必吾先尝之”的规矩，为九芝堂中药文化奠定了最初范型。
在其后的发展壮大过程中，九芝堂发扬了湖湘文化中的“敢为人先”和“经世致用”的精神，传承“悬壶济世、利泽生民”的湖湘中医药文化传统精髓，将传统的中药制药技术与湖南当地水土环境结合，形成了九芝堂特有的“药者当付全力，医者当问良心”的人文精神。经世代相传，该祖训已成为九芝堂人的行为准则，并成为传统中医药文化的一部分。
九芝堂将传统中药炮制技术和传统制剂技术（包括独家方剂和特有的中药炮制技术）加以完善和提高,代表了湖湘传统中药制药技术和方法的较高标准和水平。
九芝堂“恤苦济贫，优益同业”、“扶危救人”、“重质量、讲诚信”、“九分情、一分利”的经营理念对医药行业的发展具有重要的促进作用。
近年来，中医药的发展受到西医西药的冲击，弘扬九芝堂传统中药文化，对于弘扬祖国优秀的中医药文化具有重要推动作用。",[],[]
传统中医药文化（潘高寿传统中药文化）,传统医药,广东省广州潘高寿药业股份有限公司,https://www.ihchina.cn/project_details/14874.html,"中医学是中国古代社会形成的人体生命之学和人类健康之学，它不仅是一方一药、一技一招的简单积累，而是一种关乎人体生命健康的知识体系。这个知识体系具有深厚的传统文化背景。它以独特的哲学思维、系统的基础理论、丰富的科学内涵和鲜明的人文色彩屹立于世界医学之林。它既是中国传统文化的活化形态之一，又是传统文化的巨大发展空间。例如恬淡从真的养生之道，冲和中庸的治疗法则，清心内守的性命理念，以人为本的医道准绳，诚信无欺的行业规范，始终贯彻于中医药理论与实践的各个方面，成为一切中医药人物、著作、文物、事业的灵魂，也成为今天中医药企事业引以自豪的优良传统和敬业精神。
1890年，潘百世、潘应世兄弟在广州开设药铺“长春洞”。之后，潘百世的四子潘郁生根据岭南独特的气候特征，将具有润肺镇咳作用的川贝母和有祛痰作用的桔梗与枇杷叶一起熬炼，于1928年制成了止咳化痰的新药，定名为“潘高寿川贝枇杷露”。
作为“中华老字号”的潘高寿，首创了独特的川贝枇杷露制作工艺，突出体现了立足传统、大胆革新的岭南医药文化特征。对高品质原材料的把关以及严格的制作工艺流程，造就了潘高寿在止咳药行业里一枝独秀的局面，使之成为中国本土止咳药最突出的代表。
同时，潘高寿又集中体现了岭南商业文化的特征，是目前所知岭南地区最早的维护知识产权的百年老店。目前，由于西医西药的冲击，以及历史上的火灾，潘高寿中药文化的发扬光大受到了影响。","[{'name': '卢其福', 'gender': '男', 'birth_date': '', 'ethnicity': '汉族'}, {'name': '区欲想', 'gender': '男', 'birth_date': '', 'ethnicity': '汉族'}]",[]
传统中医药文化（陈李济传统中药文化）,传统医药,广东省广州陈李济制药厂,https://www.ihchina.cn/project_details/14873.html,"中医学是中国古代社会形成的人体生命之学和人类健康之学，它不仅是一方一药、一技一招的简单积累，而是一种关乎人体生命健康的知识体系。这个知识体系具有深厚的传统文化背景。它以独特的哲学思维、系统的基础理论、丰富的科学内涵和鲜明的人文色彩屹立于世界医学之林。它既是中国传统文化的活化形态之一，又是传统文化的巨大发展空间。例如恬淡从真的养生之道，冲和中庸的治疗法则，清心内守的性命理念，以人为本的医道准绳，诚信无欺的行业规范，始终贯彻于中医药理论与实践的各个方面，成为一切中医药人物、著作、文物、事业的灵魂，也成为今天中医药企事业引以自豪的优良传统和敬业精神。
作为“中华老字号”的陈李济，是中国最早建立的制药企业之一，所谓“北有同仁堂、东有胡庆余堂、南有陈李济”，陈李济是清末全国三大中药品牌之一。
陈李济中药文化的核心即“诚信为本，同心济世”的文化传统。陈李济是由陈姓商人和李姓医生共同出资创立的，陈李各取一字，以示永远合作，同心济世。本着“工艺虽繁必不减其工，品味虽多必不减其物”的宗旨，陈李济制药务求精工，选料必须上乘。几百年来陈李济订下规矩，凡是路过门市者，一旦晕倒或受伤，必施药相救。
陈李济成功地将蜂蜡与木蜡混合，制成既不软也不硬的蜡壳，用来包裹药丸，带来了医药制剂领域的巨大革新。在初做蜡丸的时候，陈李济还创立了独特的陈皮储藏方法。如今年代久远，再加上受西医西药的冲击，陈李济中药文化的传承受到影响。",[],[]
传统中医药文化（同济堂传统中药文化）,传统医药,贵州省同济堂制药有限公司,https://www.ihchina.cn/project_details/14875.html,"中医学是中国古代社会形成的人体生命之学和人类健康之学，它不仅是一方一药、一技一招的简单积累，而是一种关乎人体生命健康的知识体系。这个知识体系具有深厚的传统文化背景。它以独特的哲学思维、系统的基础理论、丰富的科学内涵和鲜明的人文色彩屹立于世界医学之林。它既是中国传统文化的活化形态之一，又是传统文化的巨大发展空间。例如恬淡从真的养生之道，冲和中庸的治疗法则，清心内守的性命理念，以人为本的医道准绳，诚信无欺的行业规范，始终贯彻于中医药理论与实践的各个方面，成为一切中医药人物、著作、文物、事业的灵魂，也成为今天中医药企事业引以自豪的优良传统和敬业精神。
同济堂始建于清代光绪十四年（1888）。在一百多年的时间里，形成了同济堂始建于清代光绪十四年（1888）。在一百多年的时间里，形成了一套严格的质量管理制度、经营理念和方法，以及独特的质量文化和诚信文化。同济堂在边远的少数民族聚居地区坚持和弘扬祖国传统医药文化的同时，吸收了当地丰富的少数民族医药精华，形成了同济堂传统医药的特殊风格。
同济堂传统医药文化集中体现为“同心协力、济世为民”的价值观，“购药须出地道，制作必须精细，配售必依法度”的质量观和“货真价实”、“童叟无欺”的经营理念，“济世活人，急人之急，质量取胜，济世取信”的职业道德，同济堂的品牌和特有标记，以及同济堂传统的中药炮制技术。同济堂的医药特色是传统中医药与民族民间医药的融合。
但是受西方现代文化的影响，传统医药面临困境，同济堂的传统医药文化也不例外，急需得到社会的支持和保护。",[],[]
传统中医药文化（桐君传统中药文化）,传统医药,浙江省杭州市桐庐县,https://www.ihchina.cn/project_details/23852.html,,"[{'name': '申屠银洪', 'gender': '男', 'birth_date': '', 'ethnicity': '汉族'}]",[]
传统中医药文化（朱丹溪中医药文化）,传统医药,浙江省金华市义乌市,https://www.ihchina.cn/project_details/23853.html,,[],[]
传统中医药文化（宏济堂中医药文化）,传统医药,山东省济南市,https://www.ihchina.cn/project_details/23854.html,,[],[]
传统中医药文化（龙山药王医药文化）,传统医药,湖南省邵阳市新邵县,https://www.ihchina.cn/project_details/23855.html,,[],[]
蒙医药（赞巴拉道尔吉温针、火针疗法）,传统医药,内蒙古自治区,https://www.ihchina.cn/project_details/14876.html,"蒙医药学是蒙古族世代积累并延传下来的科学结晶。它以独特的理论体系、独到的临床疗效为中华民族的繁衍昌盛作出了应有的贡献。蒙医药学主要分布于内蒙古地区、东北三省、青海、新疆、甘肃、北京等地区。
蒙医药学在大内科范围内对消化、肝胆、心血管、呼吸、泌尿系统和脑血管意外等慢性疾患以及风湿病、血液病等多种疾病有独特的治疗方法，疗效甚好。对儿科的呼吸道感染、消化系统疾病，妇科的功能性子宫出血、子宫肌瘤、产后疾患也有独特的疗效。蒙医整骨历来堪称一绝，对各种骨伤、慢性骨病、关节疾病的治疗效果向来为人推崇。特别是“以震治震”的疗法（如对脑震荡等器官的震荡进行方向相反的再震荡的治疗方法），治愈率之高令人叹服。
赞巴拉道尔吉温针是蒙医药学的重要组成部分。赞巴拉道尔吉是19世纪著名的蒙药学家，内蒙古原昭乌达盟奈曼旗第九任郡王巴拉朝格之子，被封为台吉（蒙古贵族的称号）。他生于1792年，青少年时期受居士戒，后来入佛门勤修佛法，名扬天下，1855年圆寂。
赞巴拉道尔吉温针疗法是用特制的银针在人体的固定部位或其他部位给予针刺加温灸刺激，达到预防、康复和治疗疾病目的的一种蒙医传统疗法。该疗法治疗风湿性关节炎、腰椎间盘突出症、急慢性腰扭伤、腰椎骨质增生症、颈椎病、肩周炎等疾病都取得了非常满意的疗效。
目前，中医药的整体衰微也影响了赞巴拉道尔吉温针疗法的传承，对它的保护已迫在眉睫。","[{'name': '阿古拉', 'gender': '男', 'birth_date': '1965.05', 'ethnicity': '蒙古族'}, {'name': '乌兰', 'gender': '女', 'birth_date': '1963.12', 'ethnicity': '蒙古族'}]",[]
蒙医药（蒙医传统正骨术）,传统医药,内蒙古自治区中蒙医医院,https://www.ihchina.cn/project_details/14877.html,"蒙医正骨术是蒙古民族长期同疾病作斗争的经验总结，其中以科尔沁正骨术尤为突出。蒙医传统正骨术源自民间，在科尔沁地区，蒙医整骨以萨满医的形式保存和流传下来，形成独特的科尔沁蒙医正骨术。20世纪70年代，科左后旗作为科尔沁蒙医正骨术发源地，建立一所蒙医整骨医院，从而，蒙医整骨技术从民间走向了正规医院，但与其他学科相比，蒙医整骨还没能普及，从业人员不足百人，传承人才匮乏。
蒙医正骨术的内容：在肢体骨折的治疗上采取手法整复、外固定、喷酒按摩、服用蒙药、功能锻炼等综合性治疗方法。具体步骤为：1.根据各部位的不同骨折采取相应的整复措施；2.用牛或马的干皮做固定装置（现在已演变成特制的木质夹板），实施外固定术；3.在创伤部位喷酒按摩（一般情况下，喷酒可分两个步骤，即手法复位之前喷酒，固定之后再喷酒按摩）；4.择期进行创伤肢体的功能锻炼；5.根据病情使用适当的蒙药。
蒙医正骨术具有操作易行、安全、患者痛苦小（免受开刀之苦）、疗程短、愈合快、功能恢复好、不留后遗症等优点，治疗不受环境条件的限制，历来被人们所信任。","[{'name': '包斯琴', 'gender': '女', 'birth_date': '', 'ethnicity': '蒙古族'}]",[]
蒙医药（蒙医正骨疗法）,传统医药,内蒙古自治区科尔沁左翼后旗,https://www.ihchina.cn/project_details/14878.html,"内蒙古科尔沁左翼后旗历史悠久，文化底蕴深厚，蒙医正骨疗法是这里丰厚文化遗产中的代表。
蒙古族是马背民族，经常会遇到跌伤和骨伤，蒙医正骨疗法应运而生，产生了一代又一代的正骨医生。蒙医正骨疗法基本内容有：
三诊：望、问、切。做到手摸心会。
六则：即正骨的原则，分别为手法复位、夹板固定、按摩疗法、对症下药、调解饮食、功能锻炼。其中又以前三项最具特色，手法复位是因势利导，以力对力的功能适应的正骨技术，分为适放患肢、拽撑牵拉、摇摆扭压、抖提压推、挤挣分骨、折顶回触、拢挤捏拿、钩拉提压、挺压撑推、捻滚按揉等10种手法。
九结合：指医生与患者相结合；三诊与X片相结合；形与神结合；意与气结合；喷酒与手法相结合；局部与整体相结合；内因与外因相结合；固定与锻炼相结合；主动与被动相结合。
蒙医正骨疗法倾注着历代蒙古人的科学精神和文化创造力，是蒙古族医学成就的重要标志。","[{'name': '胡达来', 'gender': '男', 'birth_date': '', 'ethnicity': '蒙古族'}, {'name': '包金山', 'gender': '男', 'birth_date': '1939.06.13', 'ethnicity': '蒙古族'}]",[]
蒙医药（血衰症疗法）,传统医药,辽宁省阜新蒙古族自治县,https://www.ihchina.cn/project_details/14879.html,"蒙古勒津蒙医药具有悠久的历史，是蒙医药发祥地之一。1702年，蒙古勒津瑞应寺建立门巴札仓（培养蒙医药人才的医学经院），对弘扬蒙医药起了重要作用。当代蒙医药传承人邢布利德应用传统蒙医药疗法，治疗血衰症获得可喜疗效。在各级领导的关心支持下，辽宁省阜新蒙医药研究所组织蒙医药专家认真总结、潜心研究，制定了蒙医药治疗血衰症的研究课题，使蒙医药血衰症疗法进一步得到完善。
血衰症是由于先天禀赋不足，后天调养不当，如饮食失调情志过激导致胃火失调，影响脾、胃、肝脏功能而精华糟粕分解受阻或外感湿毒、瘟疫侵入机体及精血，七素代谢功能障碍—血液生成受阻而成，相当于西医的再生障碍性贫血。
蒙医认为人体进行生命活动，皆是体内固有的三根（赫依、希拉、巴达干），七素（饮食精华、血、肉、脂肪、骨、髓、精液）及三秽（大便、小便和汗液）保持相互协调而进行的。在正常情况下，三根之间互相依存，互相制约，处于相对平衡状态，支配着七素及三秽的运动变化，故人体功能得以正常运转。如果三根之任何一方出现偏盛偏衰，致使平衡失调，势必引起反常变化，影响七素、三秽的分解，导致疾病的发生。因此三根的功能不仅表现在正常的生理活动中，同样也表现在病理变化中。
七素是构成人体、维持生命活动的七种基本物质。在七素中饮食精华最为重要，因为其他六种均由它转变而成。饮食被摄入人体后，先由胃内腐熟巴达干磨碎食物，继则由消化希拉将磨碎食物加以腐熟分解，再由调火赫依将腐熟的食物分解为精华与糟粕，使饮食精华由胃肠经脉道输入至肝脏，在肝脏里通过变色希拉之作用渐臻成熟变成血液。
临床上将血衰症分为毒热型、粘热型、未消型。血衰症疗法对分型的主证、治则、方药都做了探索和规范。",[],[]
蒙医药（科尔沁蒙医药浴疗法）,传统医药,内蒙古自治区科尔沁右翼中旗,https://www.ihchina.cn/project_details/14880.html,,"[{'name': '王布和', 'gender': '男', 'birth_date': '', 'ethnicity': '蒙古族'}]",[]
蒙医药（蒙医乌拉灸术）,传统医药,内蒙古自治区通辽市,https://www.ihchina.cn/project_details/23856.html,,"[{'name': '富玉兰', 'gender': '女', 'birth_date': '', 'ethnicity': '蒙古族'}]",[]
畲族医药（痧症疗法）,传统医药,浙江省丽水市,https://www.ihchina.cn/project_details/14881.html,"畲族医药主要分布在浙江省丽水市景宁畲族自治县、莲都等七个县(市、区)的畲族乡镇。辐射地区有浙江省的泰顺、文成及福建省的部分乡镇。
畲族医药是畲族人民在长期生产、生活实践中，为适应生活环境和生存健康要求而探索创造出来的一门传统医学，是中国传统医药的重要组成部分，具有地区性、民族性、家传性等特点。由于畲民居住在山区或半山区,他们有独特的医疗方法与用药习惯,在医治跌打损伤、蛇伤、风湿、黄疸肝炎、小儿疳积、肺炎、骨髓炎等方面积累了很多祖传秘方和经验方法。由于畲族有语言无文字,畲医药大多为口传心授,习而验之,医药一体,重于实践,其自诊、自采、自制、自配、自用的特点决定了它传承的艰难性。现大多数民间畲医均年事已高,有些名畲医已去世。因此,抢救整理畲医药、开发畲医药已成为当务之急。
畲医痧症疗法是畲族医药中最具特色的治疗方法之一，许多畲医和畲民仍传承和掌握着多种发痧技术，多有手到病除之效。痧症的治疗大法就是发痧疗法，对于病情较轻者，常采用刮痧、撮痧、痧和搓痧等治疗方法。对于病情急重者，则采用针刺、放血、挑痧或配合畲药治疗，其治疗以单味、验方或辨证组方为主，最常用的药物有山苍子、破铜钱、塌地蜈蚣、粘花草、叶下白等十多种。
畲族医学对痧症的认识比较直观、形象，富有哲理，治疗极具特色。但对痧症的种类至今还没有统一的说法。有的认为痧症有36种，但多数认为有72种，还有108种之说。
畲医痧症疗法是畲族医药学的重要组成部分，也是祖国医药宝库中的瑰宝，对传承发展祖国医药文化有着重要的意义。目前这一民族传统医药文化与其他传统医药文化一样面临西医西药的冲击，举步维艰，亟待保护。",[],[]
畲族医药（六神经络骨通药制作工艺）,传统医药,福建省罗源县,https://www.ihchina.cn/project_details/14882.html,"畲族医药主要分布在浙江省丽水市景宁畲族自治县、莲都等七个县(市、区)的畲族乡镇。辐射地区有浙江省的泰顺、文成及福建省的部分乡镇。
畲族医药是畲族人民在长期生产、生活实践中，为适应生活环境和生存健康要求而探索创造出来的一门传统医学，是中国传统医药的重要组成部分，具有地区性、民族性、家传性等特点。由于畲民居住在山区或半山区,他们有独特的医疗方法与用药习惯,在医治跌打损伤、蛇伤、风湿、黄疸肝炎、小儿疳积、肺炎、骨髓炎等方面积累了很多祖传秘方和经验方法。由于畲族有语言无文字,畲医药大多为口传心授,习而验之,医药一体,重于实践,其自诊、自采、自制、自配、自用的特点决定了它传承的艰难性。现大多数民间畲医均年事已高,有些名畲医已去世。因此,抢救整理畲医药、开发畲医药已成为当务之急。
六神经络骨通药制作工艺是畲族传统医药学的重要组成部分之一。福建省罗源县松山镇八井畲族村的畲医畲药，是畲族人民在长期与疾病斗争过程中，总结和积累防病治病经验而形成的独特技艺。除八井村以外，畲医畲药还散布于罗源县塔里、黄家湾、旺岩、水口洋、山垅湾、庭洋坂等畲族村。
畲医验方及畲药近千余种，畲药高效价廉，简洁方便，四季可采，遍地皆有。畲医在治疗内、外、眼、骨科及跌打损伤、风湿、痢疾、癫痫、牙痛、痔疮、小儿疳积等常见病方面有许多秘方、偏方、成方。医生既懂药又懂医，治病多取草药，有时用全草，更多的是用叶、茎、花、果、皮、根，有木本、藤本、蕨类、菌类等。畲医出诊常身背布袋，边出诊边采药，遍地皆采，随用随取。其治疗跌打伤和疑难杂症专科病的效果十分突出。
与其他民族医药一样，目前畲族传统医药文化传承后继乏人，亟待保护。",[],[]
瑶族医药（药浴疗法）,传统医药,贵州省从江县,https://www.ihchina.cn/project_details/14883.html,"瑶族药浴疗法是贵州省从江县境内高坡瑶寨瑶民以药物洗浴来强身健体、抵御风寒、消除疲劳、防治疾病的传统养生治疗方法。它是瑶族祖先独创的传内不传外的保健良方。这一瑶族独特的养生文化传承了数百年，是瑶族民众集体智慧的结晶。
瑶族药浴主要是将多种植物药，经过高温烧煮成药水，倒入杉木桶，让人坐于桶内薰浴浸泡，使药液渗透到人体的五脏六腑、全身经络，达到祛风除湿、排汗排毒、活血化瘀的功效。
此药物洗浴无副作用，对人体内脏、血液、神经系统有益无害，符合现代人对绿色医药的追求。不过受制于种种客观条件，瑶族医药（药浴疗法）的发展并不尽如人意，急需保护、弘扬。","[{'name': '赵有辉', 'gender': '男', 'birth_date': '', 'ethnicity': '瑶族'}]",[]
苗医药（骨伤蛇伤疗法）,传统医药,贵州省雷山县,https://www.ihchina.cn/project_details/14885.html,"黔东南苗族侗族自治州是苗族同胞的主要聚居地，共有苗族一百七十余万人，占全国苗族总人口的四分之一。苗族素“百草皆药，人人会医”之称。苗族民间流传有“千年苗医、万年苗药”、“三千苗药、八百单方”之说，对疾病的病因、诊断、用药，药物的命名、加工炮制、养生保健都有独具民族特色的方式方法，形成了两纲、五经、三十六大症、七十二疾、一百零八小症和四十九翻的理论体系。苗医掌握的疾病有二百余种，广泛涉及内、外、妇、儿、骨伤等科。其中外治法别具特色，著名的有薰蒸、滚蛋、化水、踩铧口、挑筋、发泡、火针、爆灯火、刮痧等疗法，治疗伤科正骨、刀箭枪伤以及蛇虫咬伤非常有效。
苗族医生是治疗接骨和蛇伤的行家里手。2006年，贵州省雷山县卫生局组织调查的113名苗医中，就有47名苗医擅长治疗上下肢骨、肋骨、颅骨、锁骨等外伤骨折，15名苗医擅长治疗毒蛇咬伤，有6名能兼治这两种伤患。
方祥乡水寨村苗医行医24年，擅长用祖传秘方治疗骨折和毒蛇咬伤，骨折的治愈率为90.4％，毒蛇咬伤的治愈率达84.9％。永乐镇加勇村苗医擅长用祖传秘方治疗上下肢骨和肋骨骨折，治愈率达89.3％。
苗族骨伤、蛇伤疗法的传承主要是祖传和师授两种方式。因为苗族没有文字，苗医多是文盲或半文盲，加大了传承的难度，传承谱序不完整，苗族骨伤蛇伤疗法处于濒危状态，应该加大扶持抢救和研究的力度。","[{'name': '王增世', 'gender': '男', 'birth_date': '', 'ethnicity': '苗族'}]",[]
苗医药（九节茶药制作工艺）,传统医药,贵州省黔东南苗族侗族自治州,https://www.ihchina.cn/project_details/14884.html,"黔东南苗族侗族自治州是苗族同胞的主要聚居地，共有苗族一百七十余万人，占全国苗族总人口的四分之一。苗族素“百草皆药，人人会医”之称。苗族民间流传有“千年苗医、万年苗药”、“三千苗药、八百单方”之说，对疾病的病因、诊断、用药，药物的命名、加工炮制、养生保健都有独具民族特色的方式方法，形成了两纲、五经、三十六大症、七十二疾、一百零八小症和四十九翻的理论体系。苗医掌握的疾病有二百余种，广泛涉及内、外、妇、儿、骨伤等科。其中外治法别具特色，著名的有薰蒸、滚蛋、化水、踩铧口、挑筋、发泡、火针、爆灯火、刮痧等疗法，治疗伤科正骨、刀箭枪伤以及蛇虫咬伤非常有效。
九节茶药是药膏型药剂，来源于黔东南苗族侗族自治州锦屏县、榕江县、黄平县等地的苗医经验方，其方剂来源于锦屏县苗医杨氏家族。
九节茶药的处方主要为九节茶1500克、野葡萄根1200克、水三七1000克、水冬瓜800克、滚山珠500克、螃蟹500克。制作工艺是按处方将药称量配齐，滚山珠、螃蟹、白蜡单放。先将九节茶、水冬瓜、水三七、野葡萄根等药物碎断成细块，将滚山珠、螃蟹碾成细粉过80—100目细罗。炸料是另取茶籽油1500克，倒入锅内加热，将九节茶、水冬瓜、水三七、野葡萄根等炸枯至黄色时，去渣、过滤。制膏是取白蜡500克加入药油内溶化，倒入缸中待温，将滚山珠、螃蟹粉兑入，搅匀即成药膏。贮藏用搪瓷缸或陶瓷罐装，密封置室内阴凉处，勿受高热。九节茶药的功效是散血退肿、续筋接骨，主治骨折、跌打损伤瘀肿，是苗族医药的重要组成部分。
苗族没有文字，苗医苗药的传承十分脆弱，急需加大保护力度。",[],[]
苗医药（癫痫症疗法）,传统医药,湖南省凤凰县,https://www.ihchina.cn/project_details/14886.html,"猪心灌药是苗医治疗癫痫的民间疗法，苗医龙玉年具有五十余年治疗癫痫病的实践，经长期的观察和临床实践，认为癫痫病是先天或后天诸种原因造成的定期、不定期的短时性气血和经络畅通及心脏功能受到影响，而导致大脑功能异常，心情烦躁，全身不适而引起的发病。
患者确诊为癫痫病后，按祖传处方备好两种药：一是药引（猪心），二是内服药（草药）。选择健康的公猪猪心一个（猪的体重达75公斤左右）。将备好的配药分成两等分，分别灌入猪心的动静脉总血管，用麻线扎紧。清煮，然后起锅沥干。将煮熟的猪心和汤水分四等分，每天上下午各服一份，两天服完。
猪心有补人心的功能。又能将诸种药物引到人体各个部位，再加上辅助内服药可以达到疏通经络、气血顺畅的目的。癫痫症猪心灌药疗法是著名苗医龙玉年的祖传秘方，疗效显著，治愈率达90%以上。","[{'name': '龙玉年', 'gender': '男', 'birth_date': '1935.11', 'ethnicity': '苗族'}]",[]
苗医药（钻节风疗法）,传统医药,湖南省花垣县,https://www.ihchina.cn/project_details/14887.html,"苗医药是苗族人民世代相传的传统医药，它在古代崇山文化和武陵文化的背景上以“三本论”为本，天、地、人三气同步。苗医认为，毒、亏、伤、积、菌、虫是导致人体生病的六种因素，简称“六因”。而六因归根结底都要用产生毒害力的方式才能导致人体生病，所以苗医素有“无毒不生病”之说。如常可遇到的风毒、冷毒、火毒、气毒、水毒、盐毒等。苗药钻节风配方专门针对风毒、冷毒所引起的筋骨疼、腰腿疼痛、坐骨神经痛、钻节风、风毒身痒、跌打损伤、骨折、绕肩风、筋骨酸软无力等病症，是苗药宝库中的民族传统医药。
苗药钻节风疗法是苗医药疗法之一，主要用药为紫葳科植物紫葳的根。紫葳为落叶木质藤本植物，茎黄褐色，有气根，单数羽状复叶，对生，小叶，花成疏大顶聚伞圆锥花序，花冠赤黄色，花期7—9月，根外表黄色或黄红色，有纵裂纹。具有退火、败毒、补体、止痛、疏筋理骨、强筋健肌的功能。主治筋骨痛、腰腿疼痛、肢体麻木、跌打损伤、骨折、坐骨神经痛、钻节风、绕肩风、风毒身痒、妇女月经不调、筋骨酸软无力等。
全国苗族人口共有890.1万人（2000年第五次全国人口普查数据），主要分布在贵州和湖南、湘西土家族苗族自治州境内。苗医药的应用，以苗族群众为主，周边的土家、壮、侗、瑶、汉等民族也交流交叉应用。苗医药钻节风疗法，因应用方便，疗效较好，已作为农村医疗卫生适宜技术向全国推广。","[{'name': '田兴秀', 'gender': '男', 'birth_date': '', 'ethnicity': '苗族'}]",[]
苗医药（骨髓骨伤药膏）,传统医药,贵州省黔东南苗族侗族自治州麻江县,https://www.ihchina.cn/project_details/23857.html,,"[{'name': '龙薪臣', 'gender': '男', 'birth_date': '', 'ethnicity': '苗族'}]",[]
侗医药（过路黄药制作工艺）,传统医药,贵州省黔东南苗族侗族自治州,https://www.ihchina.cn/project_details/14888.html,"侗族是我国民族医药知识最丰富、最普及的民族之一，侗医在当地有着广泛的群众基础，“天、地、气、水、人”五位一体的思想是侗医学术思想的核心。侗医把疾病分为二十四大症、七十二小疾，广泛涉及内、外、妇、儿、骨伤等疾病，对伤科正骨、刀箭枪伤以及蛇虫咬伤更是卓有成效。过路黄药的制作工艺便是侗族传统医药的精华之一，其在炮制工艺以及检查病因、病机，诊断、用药、养生保健等方面，都独具特色。
过路黄属报春花科珍珠菜属植物，是黔东南侗族医药中普遍应用的天然药用植物，全草供药用，有止血、抗菌、抗病毒、消炎等功效。根据不同的病症，按照不同的方法进行采摘，或全草入药、或部分入药，配以其他草药制成所需的剂型，主要剂型有过路黄鲜药汁、鲜药敷剂，复方过路黄煎剂、酒剂、膏剂等。侗医把过路黄药广泛用于治疗尿路结石、胆囊炎、胆结石、黄疸性肝炎、水肿、跌打损伤、毒蛇咬伤及毒蕈和药物中毒，外敷治火烫伤及化脓性炎症等消化系统疾病。
过路黄药制作工艺是侗族人民在长期使用药用生物资源、矿物资源的过程中积累和创造的、依靠口传方式传承的民间医药知识。随着现代社会的发展，侗医药（过路黄药制作工艺）的传承变得脆弱起来，急需保护。",[],[]
回族医药（张氏回医正骨疗法）,传统医药,宁夏回族自治区吴忠市,https://www.ihchina.cn/project_details/14890.html,"回族医药是祖国传统医药的重要组成部分。回族医学源远流长，是古代阿拉伯医学与中医学及西域地区各民族医学互相渗透的结晶，但保留了回族的医疗经验、香料药物和文化特征。《回回药方》是元明时代重要的代表性回医著作，原书36卷，现仅存4卷。近年出版的《中国回族医药》、《回族医药简史》、《回族医药奥义》、《回药本草》等著作，对回族医药做了全面深入的介绍。《回回药方》（残卷）一书也有较好的考释本问世。这些著作都为回族医药的继承发展奠定了基础。
回族医药在养生保健、回医医术、香药应用和饮食疗法等方面均有独特的理论和经验，不少养生习俗、诊疗技术和食疗经验一直为回族人民所传承和应用。
张氏回医正骨疗法是通过拔拉、复位、合位等传统正骨手法，采用世传“回回接骨”、金疮等自配秘方药剂，并以自制材料（包括小夹板等）外固定的方式，不开刀、不打石膏、不用金属物穿刺牵引治疗骨折、关节脱位等骨伤疾病的治疗方法。
张氏回医正骨疗法是张氏几代人在少数民族地区的骨伤临床医疗实践中不断探索、研究整理出的临床经验和行医感悟，其疗效显著，特色彰显，具有鲜明的民族性、民间性和地域性。张氏回医正骨疗法对于建立完善祖国回族医学体系，以传统的民间医药技术服务大众尤其是广大农村群众，提高大众健康水平，将产生积极深远的影响。
张氏回医正骨疗法只在民间以家族传承得以延续，许多治疗经验和药方得不到系统的发掘和整理，更得不到文字上的总结和归纳。由于长期处于个体投入和家族传承的维持状态中，难以形成应有规模，张氏回医正骨疗法亟待保护。","[{'name': '张宝玉', 'gender': '男', 'birth_date': '1946.09.13', 'ethnicity': '回族'}]",[]
回族医药（回族汤瓶八诊疗法）,传统医药,宁夏回族自治区银川市,https://www.ihchina.cn/project_details/14889.html,"回族医药是祖国传统医药的重要组成部分。回族医学源远流长，是古代阿拉伯医学与中医学及西域地区各民族医学互相渗透的结晶，但保留了回族的医疗经验、香料药物和文化特征。《回回药方》是元明时代重要的代表性回医著作，原书36卷，现仅存4卷。近年出版的《中国回族医药》、《回族医药简史》、《回族医药奥义》、《回药本草》等著作，对回族医药做了全面深入的介绍。《回回药方》（残卷）一书也有较好的考释本问世。这些著作都为回族医药的继承发展奠定了基础。
回族医药在养生保健、回医医术、香药应用和饮食疗法等方面均有独特的理论和经验，不少养生习俗、诊疗技术和食疗经验一直为回族人民所传承和应用。
汤瓶八诊疗法起源于中东，波斯穆斯林通过“丝绸之路”传入中国。历经千余年的不断实践，我国回族八诊疗法形成了较为完整的、有主次的八种疗法，被后人称之为“汤瓶八诊”。
回族汤瓶八诊疗法包括头诊、耳诊、面诊、手诊、脚诊、骨诊、脉诊、气诊八种诊疗方法。主要施诊手法包括推、压、捏、拨、点、捋、颤等，其施治过程有着明显的民族风格，如口颂杜阿一、汤瓶水疗等。汤瓶八诊诊疗器具包括汤瓶壶、牛角棒、耳诊棒、刻有杜阿一的羊角板等。千百年来，它一直以口传心授、言传身带的方式在西安、河南、宁夏一带穆斯林中间流传。
作为回族民间传统文化，汤瓶八诊疗法目前的发展状况令人担忧，面临着后继无人的局面。汤瓶八诊疗法的施诊者必须具备一定的中医学理论基础，需要有专业知识且热爱回族文化的年轻人学习传承，但是由于种种原因，愿意学习的年轻人很少。急需采取各种措施，以确保这项遗产的传承。","[{'name': '杨华祥', 'gender': '男', 'birth_date': '1952.08.02', 'ethnicity': '回族'}]",[]
回族医药（陈氏回族医技十法）,传统医药,宁夏回族自治区吴忠市,https://www.ihchina.cn/project_details/14891.html,,"[{'name': '陈堃', 'gender': '男', 'birth_date': '', 'ethnicity': '回族'}, {'name': '陈卫川', 'gender': '男', 'birth_date': '', 'ethnicity': '回族'}]",[]
壮医药（壮医药线点灸疗法）,传统医药,广西中医学院,https://www.ihchina.cn/project_details/14892.html,"壮医药是壮族人民的传统医药。它是在古代骆越文化和岭南文化的背景上，以阴阳为本，巧坞（脑）主神，人天地三气同步，脏腑骨肉气血为体，气道、谷道、水道“三道”和龙路、火路“两路”为用的民族传统医药。
药线点灸是壮医药外治法之一。壮医所用的药线由苎麻搓成，直径0.25毫米、0.7毫米、1毫米不等，用药水浸泡后干燥备用。使用时将药线点燃，点灼患者体表穴位，以达到疏通龙路、火路的目的，具有祛风通痹、止痛止痒、活血化瘀、消肿散结等作用。这种疗法，苎麻药线与浸泡的药水，均就地取材，草药药水的处方组成，按壮医理论处方。所取穴位有梅花穴、莲花穴、长子穴（均拟其形象）和经验穴等，也可用中医针灸穴位。
全国壮族人口共一千六百多万人，主要分布于广西壮族自治区和云南省文山壮族自治州境内。壮医药的应用，以壮族群众为主，周边的苗、瑶、侗等民族，也交流交叉为用。壮医药线点灸疗法，因应用方便，疗效较好，已作为农村适宜技术向全国推广。",[],[]
彝医药（彝医水膏药疗法）,传统医药,云南省楚雄彝族自治州,https://www.ihchina.cn/project_details/14893.html,"彝医药是彝族人民的传统医药，分布于云南楚雄和四川凉山等地。彝医学将天地元气分为清浊二气，蕴生金木水火土五行作为基本物质。人体以清气络胸、腹、五脏，以浊气循肌表、腹、背，上下六气贯通，制衡内外邪毒。这是彝族人民对生命和健康的认知，成为彝医学的基础理论。
水膏药疗法是一种清热解毒的外治法。彝族地区气候湿热，虫虺蚊蚋为害，瘴疠疫气为毒，疖肿痈疽时有发生。水膏药疗法用井水或冰水、雪水（在冬天或从高山收集后贮于瓦罐内备用）调和草药，敷于患处。当疖肿疮毒尚未破溃时，将一种或多种草药切碎捣烂，加井水或冰水、雪水调成糊状，敷于红肿热痛部位，外用纱布包住，1—2天更换一次。所用草药，如青叶胆、地胆、迎春花、野菊花等，加上水性透凉，具有清热、解毒、消肿、镇痛的作用。","[{'name': '余惠祥', 'gender': '男', 'birth_date': '1952.10', 'ethnicity': '汉族'}]",[]
彝医药（拨云锭制作技艺）,传统医药,云南省楚雄市,https://www.ihchina.cn/project_details/14894.html,,[],[]
傣医药（睡药疗法）,传统医药,云南省西双版纳傣族自治州,https://www.ihchina.cn/project_details/14895.html,"傣医药是傣族人民在总结本民族传统医药经验的基础上，吸取和借鉴印度古典医学和中医学知识，形成以“四塔、五蕴”（土、水、火、风谓之“四塔”，色、识、受、想、行谓之“五蕴”）和“解药理论”为核心的传统医学体系。
睡药疗法是傣医药传统外治法之一，主要用于治疗中风、风湿病及高热昏厥等病症。它分冷睡和热睡两种。冷睡疗法治热病，热睡疗法治寒病。冷睡疗法即根据病情所需，选择相应的处方，采集傣药鲜品切碎捣烂（也可用干品），加入适量的药酒、旱莲草汁拌匀后，把药平摊在睡药床上，让患者睡在药上，然后将余药均匀地包敷周身（除颜面部外），再用布包裹。一次治疗时间视病情而定，具有清火解毒、退热镇惊、除风止痛、保护脏器之功，用于治疗发热性疾病出现高热不退、惊厥抽搐、神昏谵语、类风湿病、痛风、周身关节肌肉红肿热痛等病症。热睡疗法针对寒病，按病情所需，配备相应的傣药鲜品或干品，置于锅内，加适量水和酒，炒热后平摊在睡药床上，待温度适中，让患者平睡在药上，再取余药包裹周身（除颜面部外），用布包住，覆盖被褥，一次约三十分钟左右（视其体质和病情而定），令其发汗，以达到开汗孔、通气血、除风毒、止疼痛的目的，用来治疗风湿病、中风偏瘫后遗症、月子病、老年性腰腿痛等。
我国傣族人口共有116万，主要分布在云南省西双版纳傣族自治州和德宏傣族景颇族自治州。傣医“四塔、五蕴”学说与佛教教义有密切关系。睡药疗法符合傣医理论和群众习俗，药物就地取材，资源丰富，使用方便，具有广泛的应用推广价值。",[],[]
傣医药（睡药疗法）,传统医药,云南省德宏傣族景颇族自治州,https://www.ihchina.cn/project_details/14896.html,"傣医药是傣族人民在总结本民族传统医药经验的基础上，吸取和借鉴印度古典医学和中医学知识，形成以“四塔、五蕴”（土、水、火、风谓之“四塔”，色、识、受、想、行谓之“五蕴”）和“解药理论”为核心的传统医学体系。
睡药疗法是傣医药传统外治法之一，主要用于治疗中风、风湿病及高热昏厥等病症。它分冷睡和热睡两种。冷睡疗法治热病，热睡疗法治寒病。冷睡疗法即根据病情所需，选择相应的处方，采集傣药鲜品切碎捣烂（也可用干品），加入适量的药酒、旱莲草汁拌匀后，把药平摊在睡药床上，让患者睡在药上，然后将余药均匀地包敷周身（除颜面部外），再用布包裹。一次治疗时间视病情而定，具有清火解毒、退热镇惊、除风止痛、保护脏器之功，用于治疗发热性疾病出现高热不退、惊厥抽搐、神昏谵语、类风湿病、痛风、周身关节肌肉红肿热痛等病症。热睡疗法针对寒病，按病情所需，配备相应的傣药鲜品或干品，置于锅内，加适量水和酒，炒热后平摊在睡药床上，待温度适中，让患者平睡在药上，再取余药包裹周身（除颜面部外），用布包住，覆盖被褥，一次约三十分钟左右（视其体质和病情而定），令其发汗，以达到开汗孔、通气血、除风毒、止疼痛的目的，用来治疗风湿病、中风偏瘫后遗症、月子病、老年性腰腿痛等。
我国傣族人口共有116万，主要分布在云南省西双版纳傣族自治州和德宏傣族景颇族自治州。傣医“四塔、五蕴”学说与佛教教义有密切关系。睡药疗法符合傣医理论和群众习俗，药物就地取材，资源丰富，使用方便，具有广泛的应用推广价值。",[],[]
维吾尔医药（维药传统炮制技艺）,传统医药,新疆维吾尔医学高等专科学校,https://www.ihchina.cn/project_details/14900.html,"维吾尔医药是维吾尔族人民的传统医药。它是在积累和发展本民族医学的基础上﹐汲取东西方不同地区和民族医药文化之精华﹐从而形成了具有维吾尔民族特点的传统医学体系。维吾尔医药学是以爱尔康（四大物质）学说、密杂吉（气质）学说、合立体（体液）学说等为基础，以辩证论治，按整体对个人、对症候的一整套诊治疾病原则、治疗技术和用药方法为主的传统医药。
维药（维吾尔药）传统炮制技艺是根据维吾尔医药学基础理论，按照医疗、调剂、制剂、储藏等需要，对维吾尔药材进行各种加工处理的一项技术。维吾尔药物不论来源于植物、动物或矿物，大多数都有恶心、呕吐、泻下、头痛等不良反应。为纠正药材的不良反应、提高疗效，通过炮制，调整药性、降低毒性、增强疗效，以满足做药要求，并经过加工炮制，方能应用。维吾尔医药炮制法有净选、切制、干燥法、炒法、去毒法、库西台法、炙法、水蒸馏法、取汁法、取油法、浮沉法、取膏法、研磨法等二十多种，炮制工艺有简有繁，有严格的操作程序。","[{'name': '艾比不拉·玉素甫', 'gender': '男', 'birth_date': '1942.03', 'ethnicity': '维吾尔族'}]",[]
维吾尔医药（木尼孜其·木斯力汤药制作技艺）,传统医药,新疆维吾尔自治区和田地区,https://www.ihchina.cn/project_details/14899.html,"维吾尔医药是维吾尔族人民的传统医药。维吾尔医药根植在西域这片广阔的土地上，几百年来，维吾尔族人在漫长的生产、生活中与病魔斗争，总结维吾尔医药精华，不断提炼形成了比较完整、具有特色的传统医药理论体系。维吾尔医学治疗原则是调整气质、平衡体液，是临床治疗的根本原则。
维吾尔医药木尼孜其汤药（致病体液成熟剂）—木斯力汤药疗法是维吾尔医学“依拉吉”（治疗）学说中的治疗方法之一，系指治疗体液型气质失调疾病之前，为了使致病体液成熟首先应用的一种治疗方法。
木尼孜其汤药（致病体液成熟剂）—木斯力汤药（致病体液清除剂），该处方中的药物经过凉水（热水）浸泡数小时后，加热煮成汤药，口服使用。
维吾尔族人口共八百多万，主要分布在新疆维吾尔自治区。维吾尔医药的应用，以维吾尔族群众为主，汉族、哈萨克族、柯尔克孜族、塔吉克族、回族等民族也在使用。维吾尔医制作木尼孜其·木斯力汤药技艺简单，使用方便，符合治疗维吾尔医所有体液型气质失调疾病。","[{'name': '阿布都吾布尔·阿吉', 'gender': '男', 'birth_date': '1941.10.18', 'ethnicity': '维吾尔族'}]",[]
维吾尔医药（食物疗法）,传统医药,新疆维吾尔自治区莎车县,https://www.ihchina.cn/project_details/14898.html,"维吾尔医药非常重视同人体健康有直接关系的饮食疗法，注重进食的时间和营养成分之间的关系。
维医根据人们所摄取的食物的营养成分，将食物分成5类。按照食物的营养成分和冷性、中性、热性，在生活中一日三餐合理安排饮食。维吾尔人的主食是以小麦、大米为主。蔬菜是以胡萝卜、洋葱、大白菜等为主，四季不断。
在食疗中把食品烹调的味美和营养结合起来，形成了维吾尔人别具一格的饮食文化。“抓饭”是维吾尔族人民喜爱的饮食，也是食疗的一个代表。它是集大米、羊肉、胡萝卜、洋葱、植物油及其他调料于一体加工而成的一种饭食，具有色、香、味及营养齐全的特点，是有很高营养价值的食疗用品。“恰玛古”是维吾尔药中保肺壮身之佳品，在民众的饮食中长期沿用，是老幼皆可吃的滋补上品，特别是老人视其为饱肚腹、解疾患的长寿圣果。
新疆有“瓜果之乡”的美称，各种时令瓜果四季不断。天然的瓜果是维吾尔人食疗的重要资源。在众多的瓜果中，维吾尔人对甜瓜、无花果、葡萄、杏、核桃、桑葚等尤为偏爱。维吾尔人不但喜食瓜果，而且把这些瓜果当做保健滋补品。在生活中他们长期食用核桃，实践证明对降低血清胆固醇、防治心血管病等病症有良好的效果。杏、桑葚、大枣也是维吾尔人常用的食品。杏含有丰富的矿物元素，有防癌、抗癌作用，享誉国内外。桑葚有补肝益肾、养血生津、滋阴壮阳和乌发的功能。大枣能“补中益气，坚志强力，久服不饥”。悠久的饮食传统习俗，健康的生活习惯，科学的饮食调配，是许多维吾尔人长寿的重要原因。维吾尔医药食物疗法学经过漫长的历史积累，为东西方医药学的发展做出了重大的贡献。","[{'name': '阿布都克力木·阿布都热木', 'gender': '男', 'birth_date': '', 'ethnicity': '维吾尔族'}]",[]
维吾尔医药（库西台法）,传统医药,新疆维吾尔自治区维吾尔医药研究所,https://www.ihchina.cn/project_details/14897.html,"维吾尔医药学具有悠久的历史，鲜明的地域特色和民族特色，独树一帜的基础理论和丰富的临床经验，在我国传统医学宝库中占有重要的地位。
“库西台”维吾尔语直译为烧或致死，系指用一定的器具和辅料或配料，将药物加热炼药的方法，主要分为：1.“各立衣克买提”泥封闭炼法：该法也称“装瓶炼法”，系指将药物装入瓶内，瓶口盖好，瓶口、瓶外均用红赤土、小麦或大麦等。2.“各立衣克买提”泥包药炼法：系指将药物直接用“各立衣克买提”泥包好后，温火加热炼药的方法。此法多用于炼巴豆、蓖麻子、肉豆蔻、芦荟、轻粉等。3.锅炼法：系指将药物直接放入锅内，温火加热炼药的方法。此法多用于炼明矾、硼砂、珊瑚、珍珠、铜、石膏、信石、硫磺、硝石等。4.烟化炼法：系指将药物加热、产生烟气，并将固体化的烟气刮下来备用的方法。具体方法如下：将药物研磨成细粉，置于锅内，加热发黄后盖上一个碗，锅与碗接触处放3层浸盐纸条，并用黏土泥封闭；再用沙子填至锅口为止，碗底放两粒大米，并用两块土块压上；先用温火加热1小时，并逐步增加火力，碗底大米发黄时，减低火力，继续用温火加热至大米发黑时停止加热，将沙子、黏土泥取下后把碗内药粉用刀刮下来备用。此法多用于炼水银、朱砂、雄黄等。5.加热滴馏法：系指将药物置于锅内，加热，使药物有效成分滴馏的方法。具体方法如下：将药物放在有小洞的瓶内，下面对准馏药罐，药瓶周围加热，使药溶化馏到馏罐瓶内。此法多用于炼轻盐、食盐、硇砂等。
库西台法主要有以下6种功效：1.降低或消除药物的毒性或副作用；2.改变和缓和药性和性级；3.提高疗效；4.便于调剂、制剂和保存；5.保证药物的纯净度；6.便于服用。
维吾尔医药以独特的疗法和疗效为保障各族人民的身心健康发挥了重要作用，为各民族人民繁荣昌盛做出了重要贡献。",[],[]
维吾尔医药（沙疗）,传统医药,新疆维吾尔自治区吐鲁番市,https://www.ihchina.cn/project_details/14901.html,,"[{'name': '吾斯曼·牙生', 'gender': '男', 'birth_date': '', 'ethnicity': '维吾尔族'}]",[]
维吾尔医药（和田药茶制作技艺）,传统医药,新疆维吾尔自治区和田地区策勒县,https://www.ihchina.cn/project_details/23858.html,,[],[]
布依族医药（益肝草制作技艺） ,传统医药,贵州省贵定县,https://www.ihchina.cn/project_details/14902.html,,[],[]
哈萨克族医药（布拉吾药浴熏蒸疗法、卧塔什正骨术、冻伤疗法） ,传统医药,新疆维吾尔自治区阿勒泰地区,https://www.ihchina.cn/project_details/14903.html,,"[{'name': '巴合提别克·胡马尔哈吉', 'gender': '男', 'birth_date': '', 'ethnicity': '哈萨克族'}, {'name': '吾尔阿力·赛塔尔汗', 'gender': '男', 'birth_date': '', 'ethnicity': '哈萨克族'}]",[]
